Date,Open,High,Low,Close,Volume
2016-04-12,173.5031796002762,175.22784535626184,173.06138940275196,174.94747924804688,115350600
2016-04-13,175.86497981731708,176.7995332047263,175.7290424221115,176.71456909179688,96336400
2016-04-14,176.77408501195208,177.22436638826628,176.37477692900077,176.7230987548828,65212900
2016-04-15,176.72312719696814,176.85906464361813,176.20487702485997,176.52772521972656,75761600
2016-04-18,176.52770580484832,177.80209005868852,175.86502702994795,177.7681121826172,82531000
2016-04-19,178.19291768689132,178.583721621976,177.5132434510871,178.32884216308594,88316100
2016-04-20,178.3713025834669,179.19540538775044,177.89553456526323,178.49874877929688,81100300
2016-04-21,178.5157495899329,178.62620037826784,177.26685193188004,177.53872680664062,85695000
2016-04-22,177.18190075629803,177.81058871769366,176.6381639704844,177.53872680664062,99251700
2016-04-25,176.9354724059331,177.2753159223156,176.3237670401492,177.2328338623047,66166500
2016-04-26,177.59811659722612,178.00592873775352,177.0204021770321,177.4961700439453,75864200
2016-04-27,177.11392933514873,178.25237618749588,176.75710329025068,177.861572265625,77329400
2016-04-28,177.1054386906577,178.2098947059655,175.83105439880347,176.24734497070312,97216200
2016-04-29,175.62723800417376,175.97557299992962,174.1914288940161,175.2958984375,142424100
2016-05-02,175.79707628758385,176.86755450332075,175.36379026391356,176.68914794921875,62188000
2016-05-03,175.45723519883327,175.6951192326224,174.4037395036904,175.15138244628906,106422100
2016-05-04,174.1573034376929,174.8879507045841,173.67303134702755,174.17428588867188,92243800
2016-05-05,174.6416509133861,174.99847702000395,173.71560128213667,174.14039611816406,67619200
2016-05-06,173.36722052062296,174.82002417935882,173.21430064270663,174.7775421142578,89315000
2016-05-09,174.65010467730497,175.35525249343715,174.4716851936592,174.92196655273438,74374900
2016-05-10,175.62715279540032,177.1139345077505,175.55918407576223,177.09693908691406,77472200
2016-05-11,176.63815562661793,177.17338819499523,175.4402313232422,175.4402313232422,81727000
2016-05-12,176.1114229761982,176.28135126764383,174.48021249524697,175.49122619628906,89586300
2016-05-13,175.19385974889587,175.74608774865698,173.63910937941026,173.96194458007812,96474600
2016-05-16,174.131839446247,176.15385329050272,174.07236196897537,175.67808532714844,77486800
2016-05-17,175.40623054490612,175.69508782519827,173.51163687801912,174.03839111328125,114924900
2016-05-18,173.69009311162262,175.27033022442657,173.00192763670458,174.0894012451172,120062100
2016-05-19,173.36724877245652,173.77504814372764,172.279775139928,173.48619079589844,115430500
2016-05-20,174.0978962928205,175.1004187447686,174.0469229918874,174.58216857910156,104990400
2016-05-23,174.59916584268407,174.87953198529905,174.15738855466293,174.34429931640625,58682600
2016-05-24,175.15982674021586,176.9184828370356,175.13434009797535,176.6041259765625,93537800
2016-05-25,177.28384338070174,178.21839703711953,176.60416917273494,177.80209350585938,76621400
2016-05-26,177.93803726052116,178.16743006864576,177.53872913529634,177.8530731201172,55280700
2016-05-27,178.01447682514024,178.62618226762407,177.96350353221763,178.61769104003906,64211200
2016-05-31,178.88955273186752,179.0000035088857,177.7171151410786,178.27784729003906,109879400
2016-06-01,177.6660920682672,178.82153391645687,177.47069017912042,178.64312744140625,69936200
2016-06-02,178.2438905040564,179.20391788196574,177.76812242939198,179.1869354248047,63044700
2016-06-03,178.62615520310342,178.99997657950476,177.4452265624016,178.65164184570312,101757100
2016-06-06,179.00848907654503,179.9175559829688,178.84706501176282,179.56072998046875,64887000
2016-06-07,179.7136464861615,180.40181183263635,179.688159841011,179.84107971191406,60974800
2016-06-08,179.97704097875845,180.55476859404232,179.84960773611868,180.4273223876953,66170900
2016-06-09,179.696666493861,180.2998807295177,179.4248046010163,180.18093872070312,73786900
2016-06-10,178.8045906899694,179.1444212642248,177.92950168203606,178.47325134277344,113829200
2016-06-13,177.87006868862602,178.72814946710477,177.01198791014727,177.09693908691406,117751200
2016-06-14,176.7146183149922,177.3433192201628,175.7970600873272,176.74859619140625,125059300
2016-06-15,176.74858776686733,177.87005209068462,176.31530180377783,176.50221252441406,109124500
2016-06-16,176.5022502631861,177.19892000064414,174.66713350295012,177.02899169921875,149533100
2016-06-17,176.92477447777986,176.95039366641055,175.71208510180838,176.3696746826172,117055700
2016-06-20,178.3338816172478,179.00854191906885,177.4200871876243,177.5054931640625,82789600
2016-06-21,177.88976259288322,178.419243066188,177.44567504981978,178.0093231201172,72461700
2016-06-22,178.18870321431743,178.91461497918837,177.57381662154108,177.71900939941406,95560500
2016-06-23,179.17934803869173,180.08459408836288,178.7181896283184,180.03335571289062,102731400
2016-06-24,173.90162027493437,180.0675579096648,173.12447001464724,173.5685577392578,333444400
2016-06-27,172.15939728623033,172.1679457025619,169.64861273576992,170.45993041992188,230775800
2016-06-28,172.06551388894243,173.5600277647162,171.75807051325245,173.53440856933594,159382400
2016-06-29,174.93494221304724,176.71981526094208,174.83246545427784,176.48924255371094,137328600
2016-06-30,176.9589188625386,178.94874508440498,176.4038061090953,178.8975067138672,165021900
2016-07-01,178.8975194598976,179.76007552914442,178.73525592088592,179.27328491210938,106055300
2016-07-05,178.4449078178541,178.5559329897525,177.3859466008176,177.98374938964844,109803700
2016-07-06,177.4883732691686,179.1707690201204,176.8307838714622,179.05120849609375,96021500
2016-07-07,179.23059081212514,179.89671577185584,178.1716296100524,178.9402313232422,85593800
2016-07-08,180.2383317956827,181.85240586419408,180.00774606271716,181.604736328125,133971000
2016-07-11,182.06593542451992,182.8174665016465,181.86096884954205,182.24526977539065,73633900
2016-07-12,183.2102423357317,183.8678318111423,182.27082879943083,183.5689239501953,101275600
2016-07-13,183.9874073219136,183.99594270707595,183.05654212544937,183.54331970214844,87324100
2016-07-14,184.80726687297488,185.03785260793288,184.1753094950419,184.56814575195312,91230900
2016-07-15,185.1317850417746,185.328203160748,183.87639270145343,184.3204803466797,107155400
2016-07-18,184.4400456808458,184.97807470667493,184.18384076230225,184.81581115722656,58725900
2016-07-19,184.39735919584624,184.66209952396133,184.14970267212968,184.62794494628903,54345700
2016-07-20,184.6279132312971,185.6356359885821,184.6279132312971,185.39651489257807,58159500
2016-07-21,185.28549535864155,185.50753264431123,184.25214042488253,184.6962280273437,67777300
2016-07-22,184.81583016905816,185.57589658587983,184.55108983740817,185.524658203125,62787500
2016-07-25,185.31962927585937,185.3708676413711,184.44000258491977,185.02072143554688,55873100
2016-07-26,184.9182879161025,185.4648523278161,184.2606983324223,185.10617065429688,70080500
2016-07-27,185.48194314357417,185.550265326512,184.14114473677688,184.9097595214844,84083900
2016-07-28,184.71329695254167,185.41358943524244,184.2521385850259,185.12322998046875,65035700
2016-07-29,184.85852968617107,185.7808466206509,184.5767055551982,185.4221649169922,79519400
2016-08-01,185.4819192659229,185.8747554783394,184.8157943569364,185.26841735839844,73311400
2016-08-02,185.0208218485916,185.17455005967744,183.2444967349223,184.0814208984375,92295500
2016-08-03,184.021551542253,184.67914103418707,183.7226567049169,184.61935424804688,53993600
2016-08-04,184.7304051740042,185.13178983912687,182.97115138106105,184.81581115722656,46585500
2016-08-05,184.8157932058852,186.37008030679937,184.8157932058852,186.3273773193359,71892200
2016-08-08,186.515218636189,186.61770838957463,185.9515836326048,186.21632385253903,39906500
2016-08-09,186.2846873629948,186.8227033054424,186.00286328308303,186.3273773193359,51251700
2016-08-10,186.4384403750335,186.515297949416,185.51611038906955,185.8662567138672,57941100
2016-08-11,186.39572778023904,186.97645982940347,186.1309874613605,186.72879028320312,72504300
2016-08-12,186.42133554357792,186.7800302458213,186.16514365786608,186.5665283203125,61313500
2016-08-15,186.93372379061915,187.45466894994817,186.92518840578887,187.10452270507807,49813500
2016-08-16,186.68607547722425,186.75438462109537,186.13951110839844,186.13951110839844,53213600
2016-08-17,186.17367586661427,186.62629889847904,185.3367519816165,186.4896545410156,75134300
2016-08-18,186.46403917575552,186.9422814055592,186.35302703527333,186.9081268310547,52989300
2016-08-19,186.43840854877823,186.81417400089103,185.951630962994,186.63482666015625,75443000
2016-08-22,186.3957112750905,186.85688271905013,186.0284942281625,186.6262969970703,61368800
2016-08-23,187.24119631915949,187.54010423953017,186.9422883987888,187.0020751953125,53399200
2016-08-24,186.8568826914077,186.9508240573024,185.6271095491946,186.0455780029297,71728900
2016-08-25,185.66129078093684,186.33596424136024,185.50757563165044,185.91749572753903,69224800
2016-08-26,186.10536608503304,187.13017277202832,184.6791747157033,185.5673370361328,122506300
2016-08-29,185.69545453958983,186.7458804646386,185.66128693081816,186.48114013671875,70502200
2016-08-30,186.3957281212393,186.6775522444359,185.6185909669842,186.17369079589844,58114500
2016-08-31,185.8406136763452,185.9601742315293,184.86704543238253,185.64419555664065,85269500
2016-09-01,185.63562616037817,185.9430694148379,184.49125911421413,185.6527099609375,97844200
2016-09-02,186.50673834347933,186.9166583847464,185.9174709541512,186.4896545410156,79293900
2016-09-06,186.77150532691024,187.13018704315647,186.0541418944176,187.05332946777344,56702100
2016-09-07,186.8910446178893,187.215571718498,186.4298861869772,187.0362243652344,76554900
2016-09-08,186.70313324971704,186.97642193066537,186.3017486440252,186.60919189453125,74102900
2016-09-09,185.2940517287419,185.34529010576696,182.11714204195624,182.14276123046875,221589100
2016-09-12,181.38265438960408,185.15736601719664,181.3143322251216,184.7559814453125,168110900
2016-09-13,183.47497400223705,183.7397142506696,181.47659951620983,182.1000213623047,182828800
2016-09-14,182.15128357066425,183.35543746900493,181.4766232696146,182.03172302246097,134185500
2016-09-15,181.8694931310886,184.2350851766038,181.6901457728944,183.8507843017578,134427900
2016-09-16,183.23449158351423,183.4147448822528,182.45342888084247,183.1400756835937,155236400
2016-09-19,183.79243115282688,184.4361724325231,182.84827203715915,183.1744384765625,80250500
2016-09-20,184.0327417763384,184.18723338147768,183.14867155506727,183.18299865722656,69665300
2016-09-21,183.88684635353547,185.42323643914656,183.20018637179064,185.2429962158203,110284400
2016-09-22,186.2558172115324,186.71072668507645,186.00690967008305,186.41030883789065,76678700
2016-09-23,186.01548721421128,186.15282183490007,185.2945001010202,185.388916015625,73630900
2016-09-26,184.5563306807073,184.73657089861007,183.68941740477217,183.8868408203125,89827300
2016-09-27,183.7237895396845,185.12284521063228,183.35470434395904,185.0284423828125,78494800
2016-09-28,185.25156939742345,186.10131257383443,184.29025330876007,185.94680786132807,87411000
2016-09-29,185.74079483696008,186.14420704939064,183.7151552734391,184.2644805908203,128070600
2016-09-30,185.09706656577904,186.35880049344547,184.8481590392028,185.6549835205078,117202900
2016-10-03,185.24295835945435,185.431777046321,184.57345551878453,185.2086181640625,83512100
2016-10-04,185.3202256217932,185.5433845299032,183.6722496696497,184.2644805908203,119948100
2016-10-05,184.89106321546933,185.50905582931773,184.8223959142697,185.07989501953125,72816000
2016-10-06,184.85670319450523,185.431777046321,184.3159695380813,185.2086181640625,62927400
2016-10-07,185.4832876326093,185.6549493189985,183.8438903691559,184.57345581054688,89788300
2016-10-10,185.5347900390625,185.99827791502383,185.3888769466867,185.5347900390625,51855000
2016-10-11,185.1056098715761,185.17427716025625,182.46197819364937,183.1915435791016,130367400
2016-10-12,183.3289230352827,183.95550728652148,182.83109489319347,183.4319305419922,73866100
2016-10-13,182.10153487758865,183.3289286211248,181.28613188259507,182.8311004638672,101357000
2016-10-14,183.8095461820241,184.27304713185137,182.8482302815632,182.92547607421875,93346200
2016-10-17,182.8997452354413,183.1572443329088,182.1100909409696,182.29034423828125,58275700
2016-10-18,183.88683998103164,183.9469156877419,183.0542669102728,183.4319305419922,76869700
2016-10-19,183.69796844745565,184.2301235787568,183.33747499428907,183.9211273193359,66519200
2016-10-20,183.5692434846294,184.1357389057571,182.9169237583587,183.5778350830078,73639800
2016-10-21,183.57781096004103,183.74947264471845,182.6164819513431,183.66363525390625,89089100
2016-10-24,184.5390722352312,184.81374132695123,184.0927415096577,184.4446563720703,60146600
2016-10-25,184.2645216389284,184.5220208037707,183.6636989855973,183.8267822265625,66542300
2016-10-26,183.0027931394268,184.04135516269668,182.7624509909612,183.45770263671875,75705500
2016-10-27,184.17863554887785,184.2129626474341,182.8911532533896,182.9683990478516,77220200
2016-10-28,182.94265625436947,183.6207245221846,181.71526271359417,182.4276580810547,140623200
2016-10-31,182.76241734970543,182.9855893542831,182.27318083380183,182.4362640380859,61272500
2016-11-01,182.76238606690387,182.81389635703093,179.9041870698058,181.11441040039065,122781800
2016-11-02,180.80543095021665,181.1916861288668,179.58661590951533,180.0243682861328,103330800
2016-11-03,180.23893794516417,180.4535183218848,178.92570708738964,179.2003631591797,88939300
2016-11-04,179.31198705433658,180.1531386417637,178.85707760727243,179.00299072265625,109122100
2016-11-07,179.00297657285438,182.98558836805617,179.00297657285438,182.9512481689453,109794900
2016-11-08,182.55639262330328,184.34170282391705,182.29031506738008,183.77520751953125,106772100
2016-11-09,182.28170987134976,186.3415794862753,182.25596127733925,185.7235870361328,258429000
2016-11-10,186.51328492689672,187.3801850216161,184.7279744404005,186.18711853027344,172113300
2016-11-11,185.4661845822042,185.9983399314728,184.8138646993281,185.7580108642578,100552700
2016-11-14,186.28150264361872,186.4875045058534,185.1571036432645,185.90383911132807,94580000
2016-11-15,186.2901076912078,187.3544311523437,186.08411889656367,187.3544311523437,91652600
2016-11-16,186.73645534404272,187.2342834707186,186.61629083739328,187.0025329589844,65617700
2016-11-17,187.1570579156544,188.02395815763933,187.0454718984963,187.96388244628903,69797200
2016-11-18,188.0325541327914,188.2042158652945,187.3630511112132,187.5433044433593,86265800
2016-11-21,188.1183820183228,188.9852822969225,187.97246888808027,188.95953369140625,72402600
2016-11-22,189.26847871034497,189.50880769460164,188.59898895463743,189.3285675048828,67429000
2016-11-23,188.8136021824945,189.4830920546528,188.61619186043487,189.4315948486328,56620200
2016-11-25,189.77489776013329,190.1697183342997,189.69763886784216,190.1353912353516,37872300
2016-11-28,189.8264022966704,190.10105838971697,189.13974241863227,189.24273681640625,76572500
2016-11-29,189.2770715262414,190.06672577916044,188.976653745513,189.61181640625,69886700
2016-11-30,190.22983874900223,190.3929219642453,189.0968478411764,189.1569366455078,113291800
2016-12-01,189.4573129709593,189.4573129709593,188.1011633438361,188.461669921875,79040500
2016-12-02,188.5475128071081,189.0453409292025,188.19559779196308,188.5560913085937,74840300
2016-12-05,189.38865385957408,190.03239505297432,189.19124356074343,189.68907165527344,67837800
2016-12-06,189.87791102034856,190.324241932706,189.39725300563228,190.28990173339844,59877400
2016-12-07,190.1354204134693,192.83912844099024,190.0152559032895,192.779052734375,110738100
2016-12-08,192.75325320241515,193.72314752940352,192.4871625530137,193.2510681152344,99714400
2016-12-09,193.4742957692732,194.4356118734497,193.43995556729564,194.41844177246097,88005800
2016-12-12,194.32407080360497,194.8047420638073,193.77474531746927,194.19532775878903,102016100
2016-12-13,194.8561225361692,195.9890999425983,194.8389524414968,195.49127197265625,110477500
2016-12-14,195.19091653592832,195.8947334315176,193.43993315255847,193.877685546875,142501800
2016-12-15,194.1180299970146,195.5342554988994,193.88627948139643,194.67593383789065,124972600
2016-12-16,195.1326615829621,195.1931045537914,193.9757346404409,194.2951812744141,156420200
2016-12-19,194.47643996069377,195.1412465740688,194.32966686992205,194.7181854248047,90341100
2016-12-20,195.25356092983165,195.61619245588432,195.02045760127044,195.4694061279297,89838800
2016-12-21,195.3398492727424,195.5125227477684,194.9254302978516,194.9254302978516,67909000
2016-12-22,194.77868992388463,194.8995626941334,194.1915842011451,194.5887451171875,56219100
2016-12-23,194.63189851824896,194.88228629058872,194.441966890667,194.8736572265625,36697800
2016-12-27,195.1413020500403,195.75429494610864,195.1240307479396,195.35714721679688,42672500
2016-12-28,195.6161469643405,195.63340509079023,193.6303689688124,193.7425994873047,64095000
2016-12-29,193.8116476189124,194.1656367796198,193.25908463537857,193.6994171142578,48696100
2016-12-30,194.02752445361327,194.11386778589767,192.30076320106696,192.9914703369141,108998300
2017-01-03,194.2951630733348,194.9772411201012,193.29365159666256,194.4678497314453,91366500
2017-01-04,194.79596555681337,195.77159004486924,194.78733649178588,195.62481689453125,78744400
2017-01-05,195.3571755833376,195.62482152111588,194.67509737982635,195.4694061279297,78379000
2017-01-06,195.5815955454964,196.63492087370184,195.0376615815804,196.168701171875,71559900
2017-01-09,195.9097284180276,196.04787249931024,195.48666710940387,195.52120971679688,46939700
2017-01-10,195.53846784634868,196.3759482246756,195.1326778414214,195.52120971679688,63771900
2017-01-11,195.43482411158368,196.07373046875,194.77001739154568,196.07373046875,74650000
2017-01-12,195.55568838336856,195.77153351403453,194.2260881750884,195.5815887451172,72113200
2017-01-13,195.7542600079776,196.33272337074413,195.71973058408247,196.03054809570312,62717900
2017-01-17,195.39169026213537,195.79748025784545,194.9513708339613,195.3398895263672,61240800
2017-01-18,195.5902601820709,195.8147475980489,195.03769705481952,195.7715759277344,54793300
2017-01-19,195.84926336401224,195.98740742972183,194.6146353588587,195.0463256835937,66608800
2017-01-20,195.72841210461988,196.25507488562653,195.09814785002,195.7629547119141,129168600
2017-01-23,195.7629446644216,195.8233744628679,194.49377398146592,195.2535400390625,75061600
2017-01-24,195.4693345007942,196.91982055105737,195.35710399732747,196.50540161132807,95555300
2017-01-25,197.45514871677423,198.206298828125,197.2911042881558,198.206298828125,84437700
2017-01-26,198.0594837402296,198.3271427646296,197.72276586826823,197.99905395507807,59970700
2017-01-27,198.07678158622687,198.22355471171284,197.50694721141585,197.68826293945312,59711100
2017-01-30,196.99755678958624,197.0234571545579,195.47801162329733,196.46226501464844,79737300
2017-01-31,195.9701453099324,196.5054502961024,195.40032406693263,196.44500732421875,75880800
2017-02-01,196.4449887263935,197.3601700632067,195.9355973293586,196.5226898193359,79117700
2017-02-02,196.52266092664823,196.93709304303005,195.83196708095988,196.6521759033203,69657600
2017-02-03,197.55869636045003,198.18896032192688,197.24787891008063,198.0076446533203,80563200
2017-02-06,197.60193156698537,197.9990924755064,197.31701436233536,197.6537322998047,57790100
2017-02-07,198.0422583695369,198.2840038984072,197.47242397685267,197.6623687744141,57931200
2017-02-08,197.6623241701446,198.0508427414318,197.11839026585835,197.9213409423828,51566200
2017-02-09,197.92136768733823,199.3977410925588,197.92136768733823,199.09556579589844,65955200
2017-02-10,199.44090624989497,200.1057129594876,199.1128174264858,199.8812255859375,66015900
2017-02-13,200.37335103154567,201.2281024820793,200.3474506700879,200.9690856933593,55182100
2017-02-14,200.78779556699016,201.78069118787627,200.44244858746453,201.7720489501953,71109000
2017-02-15,201.55619265961616,203.01530793966828,201.50439193296327,202.8253631591797,86785800
2017-02-16,202.85126855062057,203.03258427254195,201.90155779877912,202.65269470214844,84722400
2017-02-17,201.98789930143897,202.97215270996097,201.9706279997756,202.97215270996097,77204100
2017-02-21,203.3434126669464,204.35356643805537,203.33477042906745,204.1808929443359,88946100
2017-02-22,203.7750375663964,204.2239858711036,203.61099318907927,203.99951171875,62115200
2017-02-23,204.51766129077367,204.5349194225004,203.37799223778853,204.1377716064453,74615900
2017-02-24,203.29158722240828,204.43987174441176,203.24841556069097,204.3967132568359,82381600
2017-02-27,204.31038133531447,204.8888447470126,204.0600067620078,204.71617126464844,56515400
2017-02-28,204.3362934874432,204.5780390115281,203.77510134384804,204.1636199951172,96961900
2017-03-01,205.82129435228447,207.48762570939044,205.80402305205783,207.0213928222656,149158200
2017-03-02,206.8314523095236,206.84009454688623,205.66589641594808,205.7176971435547,70246000
2017-03-03,205.63133809624927,206.0112276351819,205.25144855731665,205.84718322753903,81974300
2017-03-06,205.0528609410252,205.5881526149147,204.62979976944573,205.2341766357422,55391500
2017-03-07,204.9320333839673,205.28602261532427,204.41399971982813,204.6212158203125,65103700
2017-03-08,204.9147841981793,205.17380105820413,204.10320418470235,204.2413482666016,78168800
2017-03-09,204.3621763828615,204.82840926384333,203.5333384208922,204.5003204345703,90683900
2017-03-10,205.45867971496864,205.50185137922537,204.2672102870221,205.2169342041016,81991700
2017-03-13,205.1564969575733,205.363713047296,204.82842128319064,205.3205413818359,57256800
2017-03-14,204.77664240954445,204.8284563214455,203.92190388827856,204.5348968505859,59880800
2017-03-15,205.10471095952911,206.7278708435776,204.87159448861624,206.3048095703125,96081800
2017-03-16,206.44299726604584,206.52069838138897,205.57098734307644,205.8990631103516,78344000
2017-03-17,206.1617234339801,206.3524945415205,205.53738403320312,205.53738403320312,89002100
2017-03-20,205.53740145185947,205.823558137421,204.9217418329027,205.3119506835937,52537000
2017-03-21,205.91893806804308,206.04033666785944,202.54577708230124,202.67584228515625,131809300
2017-03-22,202.71050562179485,203.4388971145537,202.0861662761578,203.1527404785156,97569200
2017-03-23,203.15274299245985,204.07190558728507,202.56309650953543,202.9359588623047,100410300
2017-03-24,203.23948897426524,203.811789098104,202.00815653895305,202.78857421875,112504900
2017-03-27,201.115011690091,202.8406185139592,200.83753482201905,202.5804748535156,87454500
2017-03-28,202.27697835428737,204.4794997138661,202.1642463510937,204.0546112060547,93483900
2017-03-29,203.7684772006866,204.4795224816916,203.543013169195,204.24539184570312,61950400
2017-03-30,204.18466102851025,205.0951571260625,204.01123635075143,204.8957061767578,56737900
2017-03-31,204.557555066982,205.0865090164155,204.36678392250064,204.4188232421875,73733100
2017-04-03,204.47084878903,204.67028653720263,202.83196085683875,204.06329345703125,85546500
2017-04-04,203.7771678927546,204.28010887362663,203.3956255464752,204.19338989257807,56466200
2017-04-05,204.8697387839908,205.8496076172635,203.3782624063284,203.5863800048828,108800600
2017-04-06,203.72510777753564,204.67895025249737,203.2828595720796,204.15867614746097,69135800
2017-04-07,203.90717152843487,204.6442429502869,203.4649366141965,203.9505310058593,74412300
2017-04-10,204.0892763689293,204.8696940380048,203.54297606170348,204.07192993164065,67615300
2017-04-11,203.69040229352737,203.9331995071442,202.33767118010337,203.8291473388672,88045300
2017-04-12,203.5516316137847,203.74240270683748,202.71050813026653,202.9359588623047,81864400
2017-04-13,202.59781914979595,203.33489064134773,201.61795043945312,201.61795043945312,92880400
2017-04-17,202.13827125452727,203.404296875,201.9388334842088,203.404296875,68405400
2017-04-18,202.66719125687607,203.3348902229056,202.11222429628785,202.79725646972656,83225800
2017-04-19,203.36087126212755,203.7337336345912,202.1988982072169,202.4243621826172,68699900
2017-04-20,203.04003523197187,204.5141780780443,202.71919891513377,204.07192993164065,92572200
2017-04-21,203.99389845187585,204.0459245342356,203.02270963061275,203.4215850830078,110389800
2017-04-24,205.66752585869995,205.8669768745497,203.39563138971576,205.6588592529297,119209900
2017-04-25,206.30048655645427,207.20230286363807,206.2137675976197,206.85545349121097,76698300
2017-04-26,206.82075787532537,207.70524096418976,206.68202606706552,206.72537231445312,84702500
2017-04-27,207.04624588851576,207.2023241527077,206.36120044512217,206.8988342285156,57410300
2017-04-28,207.1589823283013,207.1849953745508,206.31785854901327,206.44793701171875,63532800
2017-05-01,206.9681854248047,207.39308717979225,206.5519635051259,206.9681854248047,66882500
2017-05-02,207.10694208293043,207.22834070095143,206.63869405097995,207.04624938964844,57375700
2017-05-03,207.0462310779163,207.1416166430293,206.1183884689576,206.7947540283203,73137700
2017-05-04,207.09824253617649,207.17628165717863,206.1877464301199,207.0375366210937,61462700
2017-05-05,207.4104109596444,207.8699923112897,206.9681628138105,207.85264587402344,62001300
2017-05-08,207.89604755921133,208.04345922726577,207.39310662801896,207.8180084228516,48385700
2017-05-09,208.07809672710707,208.277534432986,207.2803194406836,207.6271820068359,51363200
2017-05-10,207.58388483866509,208.00010681152344,207.37576723650693,208.00010681152344,54293800
2017-05-11,207.54922803966548,207.7399992214509,206.49131993393152,207.5752410888672,62358300
2017-05-12,207.323702823502,207.61852611513945,206.9595070106342,207.2283172607422,53912700
2017-05-15,207.6532454669134,208.4943692008221,207.6358990265303,208.3729705810547,61918900
2017-05-16,208.6678149871021,208.6938280345757,207.7920115154225,208.1822204589844,51241800
2017-05-17,208.1822029323497,208.1822029323497,204.42749902942148,204.4882049560547,172174100
2017-05-18,204.4101211476201,206.16174090554728,204.1499775033409,205.3119506835937,107047700
2017-05-19,205.7975486306391,207.3150378116319,205.74552254718083,206.6473388671875,115011400
2017-05-22,207.15894524650497,207.8613370638856,207.0895859565603,207.6965789794922,61010600
2017-05-23,208.06945474087905,208.32093180101464,207.68791246443632,208.1561737060547,48341700
2017-05-24,208.39029033859103,208.7458063164518,208.05209433598128,208.64175415039065,46927700
2017-05-25,209.15338258518736,209.91646716338164,208.94527823219389,209.63897705078125,64071700
2017-05-26,209.4481866938092,209.7603564261213,209.37014756859512,209.5956115722656,46629900
2017-05-30,209.2747681359558,209.6649770049135,209.11868988095512,209.4135131835937,35201900
2017-05-31,209.7083300899503,209.7430229665296,208.6677687273157,209.36148071289065,91796000
2017-06-01,209.82109333663263,211.04375940473992,209.53493660379107,211.0264129638672,68962000
2017-06-02,211.0784224730804,211.88486651709152,210.78359915869203,211.7287750244141,88666100
2017-06-05,211.55531591682671,211.84147258064849,211.3732114102295,211.5726623535156,44698800
2017-06-06,211.0090810995032,211.56404816265064,210.81830993109696,210.8963623046875,50375400
2017-06-07,211.2344882014985,211.511965042533,210.566789292094,211.28651428222656,54144300
2017-06-08,211.3818821038122,211.86747645846785,210.8615948772789,211.3905487060547,65950700
2017-06-09,211.659363928556,212.45712799171253,209.8036921828221,211.06971740722656,132256400
2017-06-12,210.82697520393188,211.078439055028,210.1766226015077,211.0264129638672,86108100
2017-06-13,211.5640295134911,212.1103299231765,211.21718009139528,212.0583038330078,60067000
2017-06-14,212.32704912004112,212.3357157219303,210.96563843059704,211.7894287109375,78602300
2017-06-15,210.4367383847064,211.50332610496417,210.15926150737687,211.3819274902344,66464900
2017-06-16,211.54141287682805,211.59369268113136,210.54805670711647,211.4281311035156,84553100
2017-06-19,212.2559107671326,213.249266866979,212.1600600339904,213.1882781982422,65123800
2017-06-20,212.83100143520903,212.8397103027576,211.73308580494188,211.75050354003903,56906400
2017-06-21,212.1426165131951,212.2558849687912,211.2276802254929,211.69821166992188,55977600
2017-06-22,211.70692883908893,212.2036001689382,211.42808554824168,211.60235595703125,44148100
2017-06-23,211.66341630650257,212.18622767710423,211.28001332380447,211.8551177978516,66986800
2017-06-26,212.5260250262087,212.9442900095876,211.7853723814404,211.99449157714844,56700500
2017-06-27,211.7766485352585,212.0729228867936,210.2691900622523,210.28662109375,82247700
2017-06-28,211.306090493284,212.3691572493409,211.0708181335717,212.1687469482422,70042600
2017-06-29,212.31689859685977,212.3691783940056,209.09284924505067,210.3040466308593,106949700
2017-06-30,211.11438810422223,211.4890821047347,210.50443504104103,210.6961364746093,86820700
2017-07-03,211.63721894651863,212.07290161839737,211.05340576171875,211.05340576171875,39153800
2017-07-05,211.41939121180263,211.75050102246536,210.6090144760648,211.5413818359375,54427600
2017-07-06,210.7745906369662,210.89658126955555,209.42397151445329,209.60696411132807,65400800
2017-07-07,210.1820849366538,211.11443913804672,209.6156893656552,210.96630859375,57972300
2017-07-10,210.9662598601176,211.567504063128,210.66127667726363,211.1928100585937,36663300
2017-07-11,211.1928348786266,211.34968756983605,209.8683689989845,211.03599548339844,50354600
2017-07-12,212.00322515843493,212.78744877653745,212.00322515843493,212.62188720703125,59610400
2017-07-13,212.63063084213,213.09245353213217,212.40406728372503,212.9791717529297,39471600
2017-07-14,212.9791019897636,214.32972084467653,212.88325127629287,213.9724578857422,60262700
2017-07-17,213.89408555497417,214.27748849373867,213.77209491954747,213.9463653564453,33531900
2017-07-18,213.536776336471,214.111880620243,213.1969444044201,214.05960083007807,42742500
2017-07-19,214.37331090887497,215.22724524405385,214.364588745794,215.21853637695312,51034300
2017-07-20,215.4712162072697,215.59320682076344,214.7654124223429,215.3143768310547,47135200
2017-07-21,214.73933871121807,215.1488816033112,214.5127751477721,215.12274169921875,82340800
2017-07-24,215.04428137355856,215.2098429424349,214.59988976445536,215.0704345703125,46622300
2017-07-25,215.8197661496051,215.92433903415247,215.36666573516047,215.5932159423828,54915600
2017-07-26,215.8807720134695,215.9156207782958,215.34052973478933,215.6019287109375,47575400
2017-07-27,216.06378128085285,216.09863004837075,214.07705583681485,215.4015350341797,70766600
2017-07-28,214.92227071495785,215.2795337201983,214.469170279804,215.1488342285156,50088400
2017-07-31,215.5496361685307,215.6454868861101,214.81769248664057,215.02682495117188,65838700
2017-08-01,215.62806360855865,215.662912370428,214.98324849815103,215.50607299804688,55050400
2017-08-02,215.636811897246,215.7500936619952,214.67830457086475,215.6106719970703,47211200
2017-08-03,215.4973526934189,215.52349258904115,214.91353953122385,215.1923828125,40856000
2017-08-04,215.6803844247533,215.91564352807453,215.201130758018,215.58453369140625,60191800
2017-08-07,215.65419602393084,215.9853057861328,215.5496231499912,215.9853057861328,31995000
2017-08-08,215.67163772900344,216.8915572233861,215.07911566005964,215.45379638671875,61719400
2017-08-09,214.7654805488308,215.49742446197584,214.40821746170627,215.4451446533203,62632600
2017-08-10,214.6085601678515,214.7392729442647,212.3517271658344,212.4040069580078,120479500
2017-08-11,212.63061434697283,213.31027837749468,212.39534193764376,212.71774291992188,74869900
2017-08-14,213.9985759596807,215.04421153893483,213.9637272019626,214.8263702392578,73291900
2017-08-15,215.20983579521703,215.2272668271467,214.49532303787947,214.80029296875,55242700
2017-08-16,215.3231030556506,215.7239369871453,214.7479987045419,215.1749725341797,56715500
2017-08-17,214.5650455086712,214.8787376205136,211.8202362060547,211.8202362060547,128490400
2017-08-18,211.65465348444368,212.7787223128841,211.04470035458272,211.4891052246093,136748000
2017-08-21,211.4280976123929,211.91606010323903,210.72229377413484,211.65464782714844,65469700
2017-08-22,212.23845578162835,214.0247440374387,212.2210247524849,213.8679046630859,63140100
2017-08-23,212.9006791872093,213.52806324874308,212.75254868601093,213.10108947753903,50203800
2017-08-24,213.4845513128756,213.64139072360524,212.39534441842216,212.60447692871097,50741700
2017-08-25,213.39735047993585,214.016025675274,212.95295897634068,213.10108947753903,64445900
2017-08-28,213.632659299009,213.65879919803737,212.69158304604505,213.10984802246097,40565600
2017-08-29,211.794084456064,213.6152350581632,211.680802692686,213.3538360595703,51135700
2017-08-30,213.3363735483728,214.63471266572543,213.153380980378,214.3645782470703,62030800
2017-08-31,214.98329594474924,215.8982323735028,214.39948265874023,215.6542510986328,103803900
2017-09-01,216.02892408942537,216.38618712045303,215.8110827235766,215.9592132568359,62007000
2017-09-05,215.4538084497364,215.68037196782493,213.4409564616852,214.40817260742188,91398800
2017-09-06,215.0878111508426,215.47121401677663,214.55627777688488,215.1400909423828,57916900
2017-09-07,215.44510627811383,215.4625373098888,214.7044403314648,215.11398315429688,58034700
2017-09-08,214.82637451787545,215.32305907310064,214.6172553754463,214.8612365722656,63832800
2017-09-11,216.13346017862068,217.23138905249075,216.11604244435443,217.1529693603516,71364800
2017-09-12,217.5189463449708,217.91976697822463,217.33595376302057,217.88491821289065,56896000
2017-09-13,217.5973749124304,218.02434875707223,217.4840931525092,217.9894866943359,59228000
2017-09-14,217.6670944129095,218.1202081746632,217.4928239802294,217.91978454589844,95446300
2017-09-15,217.7752746547774,218.3006804600689,217.670196166112,218.2131195068359,95432400
2017-09-18,218.58091968648296,219.0275166500128,218.29194046468183,218.67724609375,46235200
2017-09-19,218.9224335635001,218.98373825864107,218.57216301458448,218.8961639404297,47108100
2017-09-20,218.983710516249,219.08878899521864,217.97665943225823,218.9749450683593,59574100
2017-09-21,218.817413818144,218.90497479789832,218.2131856013744,218.3883209228516,48211400
2017-09-22,218.09053414548032,218.59843580213592,218.0642645220296,218.4320526123047,51214000
2017-09-25,218.17817229061887,218.5284563304945,217.24119087813725,217.9855194091797,57064400
2017-09-26,218.41452206082755,218.6597141064001,217.88035081255217,218.1167907714844,54082000
2017-09-27,218.8173513921312,219.35152265552344,217.9328962237479,218.9662170410156,81001400
2017-09-28,218.6860061186247,219.30775174481863,218.5984451573634,219.2289428710937,44778800
2017-09-29,219.2201788575793,220.078364472535,219.03629148435007,219.99954223632807,85578000
2017-10-02,220.22718602608,220.9540100097656,220.05203741355768,220.9540100097656,59023000
2017-10-03,220.95407426774327,221.45321054509424,220.87525202439983,221.42694091796875,66810200
2017-10-04,221.27806094946737,221.93482830911225,221.1642169979664,221.68963623046875,55953600
2017-10-05,222.02233137220588,223.02061696404544,221.7246001203505,223.00311279296875,63522800
2017-10-06,222.5565537211313,223.03818577572497,222.29385747495817,222.74920654296875,80646000
2017-10-09,222.9768693682432,223.038160698137,222.1186838540164,222.3813934326172,35803100
2017-10-10,222.95060495731727,223.34466265344616,222.40766825232924,222.9681091308593,43057400
2017-10-11,222.8717948244796,223.3184051513672,222.70542499501343,223.3184051513672,47674300
2017-10-12,223.00317427615025,223.3534448617325,222.74921674393173,222.98565673828125,47065100
2017-10-13,223.42350906485288,223.53735302182952,222.9856641373634,223.2571258544922,54800400
2017-10-16,223.48484242540871,223.747538726014,223.14332387265347,223.5548858642578,38221700
2017-10-17,223.5022625379271,223.75622001561544,223.283340128454,223.71243286132807,31561000
2017-10-18,224.089014234462,224.13280139680816,223.7387436596247,223.931396484375,40888300
2017-10-19,223.1520211020439,224.02771085402995,222.73169376244084,223.99267578125,61903800
2017-10-20,224.78959602390063,225.174901697254,223.9751975121371,225.1486053466797,89176400
2017-10-23,225.4726055845872,225.4988752080291,224.1940793132681,224.2728881835937,63915300
2017-10-24,224.70202726520083,224.90341883312888,224.3079561318852,224.6669921875,66935900
2017-10-25,224.33424940064648,224.44809337222105,222.42525168574983,223.5548858642578,103715300
2017-10-26,224.16782533084225,224.43927365517973,223.72121500385936,223.84381103515625,69798000
2017-10-27,224.58814924304767,225.831640435457,223.85257306649737,225.6739959716797,85562500
2017-10-30,224.5881666867543,225.57770044809087,224.5356274360579,224.83335876464844,54285700
2017-10-31,225.20993967404152,225.43762761750023,224.88593866154235,225.1836700439453,60304800
2017-11-01,225.96298388357675,226.30448897952348,225.11356378226472,225.48133850097656,54202700
2017-11-02,225.41129095769904,225.7090222515668,224.3429484449129,225.56890869140625,56449500
2017-11-03,225.7265778135099,226.3658410665388,225.31500248806788,226.3220672607422,59589700
2017-11-06,226.19070251746857,226.80369616966385,226.12065908027247,226.67234802246097,49652600
2017-11-07,226.77742101945583,227.11018746689305,226.00680960937729,226.5147247314453,57502200
2017-11-08,226.3395510438941,226.9963184152764,226.05932388502703,226.8999786376953,50469600
2017-11-09,225.6915223861156,226.2694808113367,224.49180501507703,226.0768280029297,95085500
2017-11-10,225.69146321761053,226.1818471970068,225.37620110290004,226.00669860839844,59984700
2017-11-13,225.32374022899884,226.44462210368795,225.28870515430896,226.2169342041016,50228600
2017-11-14,225.41128594743105,225.796591548326,224.6319092970982,225.69151306152344,61315200
2017-11-15,224.71950739532377,225.24492660887583,223.85258306351813,224.5618896484375,80811500
2017-11-16,225.5076069354845,226.8386724123831,225.4638331390832,226.4708709716797,67777000
2017-11-17,226.12059055081863,226.44459145703755,225.7265195047032,225.80532836914065,75756800
2017-11-20,226.0505564728234,226.3832961173284,225.80533769698383,226.19064331054688,48075500
2017-11-21,226.9612866282621,227.85450736960243,226.1556669397613,227.67059326171875,69176800
2017-11-22,227.6793953252749,227.81074347779045,227.30285504675115,227.46923828125,45033400
2017-11-24,227.9595595227246,228.0996730879914,227.8194459574578,227.9945678710937,27856500
2017-11-27,228.03837030424936,228.3361016114636,227.67933430098003,227.88075256347656,52274900
2017-11-28,228.34484305529307,230.2188050210911,228.248503296773,230.19253540039065,98971700
2017-11-29,230.32395197028413,230.85813671522288,229.6059065497149,230.052490234375,77512100
2017-11-30,230.97199216537567,232.97730293049327,230.8931832759286,232.0666046142578,127894400
2017-12-01,231.84760758117807,232.32922621426223,228.34484887095724,231.5848846435547,164390900
2017-12-04,233.20494992982623,233.63402938279867,231.2521520432385,231.30471801757807,94040600
2017-12-05,230.47280883789065,232.1891534245384,230.3414607079821,230.47280883789065,77994500
2017-12-06,230.56911029424256,230.94567721294945,230.05245652663484,230.51657104492188,75898600
2017-12-07,231.24343872070312,231.55867425777868,230.25390485610217,231.24343872070312,77218600
2017-12-08,232.19792825071,232.51316377521968,231.2083944255536,232.50442504882807,76563900
2017-12-11,233.2049255371093,233.2662302308165,232.47811483320623,233.2049255371093,83077500
2017-12-12,233.99310215133744,234.0894419414999,233.24002162795944,233.61656188964844,85195800
2017-12-13,233.8617632688,234.2996082575791,233.50272717112856,233.59030151367188,102905400
2017-12-14,233.88798745715712,234.001831407951,232.5832181957584,232.63575744628903,100666700
2017-12-15,233.6400396374906,235.0395001397508,233.5872318344265,234.5730133056641,144610300
2017-12-18,235.9724486318288,236.41253151743064,235.8668330369688,236.0604705810547,83653600
2017-12-19,236.3069611549893,236.35095870776016,235.0835176057788,235.1539459228516,82382900
2017-12-20,236.1220518221649,236.17485961736992,234.73140178088948,235.03065490722656,76751500
2017-12-21,235.65563080540423,236.2277601806265,235.26835562550028,235.51480102539065,67032300
2017-12-22,235.5323366863719,235.5675508338231,234.9162099783356,235.453125,78720900
2017-12-26,235.04828793137565,235.39156551824624,234.9074850275904,235.1715240478516,45244400
2017-12-27,235.33874224882416,235.6468056592384,235.01308519172568,235.2859344482422,57751000
2017-12-28,235.7876095189502,235.8140134163414,235.4003344501955,235.76998901367188,45116100
2017-12-29,236.3509773104272,236.36857096081368,234.68747752097923,234.8810882568359,96007400
2018-01-02,235.74358610597343,236.59734793924068,235.35631103559285,236.5621337890625,86655700
2018-01-03,236.7293670565685,238.20806589594875,236.7293670565685,238.0584259033203,90070400
2018-01-04,238.70099949537035,239.5459512266381,238.12008678620776,239.0618438720703,80636400
2018-01-05,239.8539988745469,240.77816225162653,239.3611081587005,240.6549530029297,83524000
2018-01-08,240.5581013991269,241.25343986955644,240.26765851734245,241.0950164794922,57319200
2018-01-09,241.5174499506135,242.26559612820049,241.23579049496504,241.64068603515625,57254000
2018-01-10,240.8837515396786,241.53509244774,240.21484384726023,241.27102661132807,69574300
2018-01-11,241.825564426552,243.0313873291016,241.65833076818808,243.0313873291016,62361500
2018-01-12,243.2955041380164,244.7829600066717,242.99622405262795,244.61575317382807,90816100
2018-01-16,245.87435546460017,246.5256696509318,243.0842176757021,243.7795562744141,106555100
2018-01-17,244.71254476961712,246.49047036797927,243.7795709856659,246.1031951904297,113258800
2018-01-18,245.9887520557021,246.4112144568672,245.1965813324595,245.6894989013672,100728000
2018-01-19,246.2703511928904,246.8072662353516,245.6894654703297,246.8072662353516,140920100
2018-01-22,246.5960635134814,248.81407165527344,246.5432288539004,248.81407165527344,91322400
2018-01-23,248.85811672329496,249.63266707134613,248.53245961344007,249.3422241210937,97084700
2018-01-24,249.9847127299476,250.5832459642879,248.06595748775115,249.2453765869141,134816100
2018-01-25,250.1079392890964,250.20474464268864,248.5588387473728,249.3509826660156,84587300
2018-01-26,250.1871555817258,252.28195470890776,249.9318999513005,252.2379302978516,107743100
2018-01-29,251.66582012769325,252.10590306158304,250.40718938329576,250.56561279296875,90118300
2018-01-30,248.73491115060395,250.6184523790427,247.52027780134625,247.99557495117188,131796400
2018-01-31,248.8493424937056,249.3510166989814,247.04498607996672,248.1187896728516,108364800
2018-02-01,247.3882765268912,249.1397983597401,247.04499887654444,247.8371429443359,90102500
2018-02-02,246.5168415239415,246.6488878909768,242.4064820117474,242.4416961669922,173174800
2018-02-05,240.681381816374,242.7937746544456,231.75648648531623,232.3021850585937,294681800
2018-02-06,228.79025817876507,237.3806834043244,227.69886138259187,236.8789825439453,355026800
2018-02-07,236.3245046380628,239.7219315509797,235.5147403268163,235.5939788818359,167376100
2018-02-08,235.89323554460609,236.0340652904315,226.7218964441149,226.75711059570312,246449500
2018-02-09,229.5472642169485,232.02052833590065,222.6115658085252,230.16339111328125,283565300
2018-02-12,232.21415380783523,235.0131017383919,230.30420887774528,233.543212890625,143736000
2018-02-13,232.3373188282629,234.6697523395454,231.75640629819432,234.12405395507807,81223600
2018-02-14,232.63663047934952,237.64477624611936,232.6278202256005,237.28390502929688,120735700
2018-02-15,239.0266717860679,240.3205167977766,236.5621910272961,240.31170654296875,111200300
2018-02-16,239.68672275896623,242.32721978062207,239.64269835895715,240.3820343017578,160420100
2018-02-20,239.43147707891688,240.87496173674327,238.08482461668896,238.87696838378903,86369700
2018-02-21,239.31714005497963,241.79921472550373,237.59202214364907,237.68882751464844,98883700
2018-02-22,238.61295297407747,240.32926016216408,237.3279184312155,237.996826171875,110511300
2018-02-23,239.22032038251336,241.79039001464844,238.74502323006428,241.79039001464844,92766400
2018-02-26,242.86417085379668,244.6949309715639,242.274474741448,244.5980987548828,86491400
2018-02-27,244.78285691699728,245.49581580776737,241.4822357175162,241.5438537597656,99099200
2018-02-28,242.6440976864397,243.09299083312848,238.78018384941743,239.09703063964844,121907800
2018-03-01,238.88581486369563,240.434915343989,234.1241144259789,235.6204071044922,176855100
2018-03-02,233.94806390250497,237.39832573097647,233.08551859078392,236.8350067138672,139083200
2018-03-05,235.6467797795604,240.18843815453016,235.54113732946925,239.5723114013672,97307400
2018-03-06,240.5493421552027,240.62858072756487,238.68339464847247,240.1796875,79213200
2018-03-07,238.01449598620087,240.44373582436765,237.82085839629667,240.0916748046875,87063500
2018-03-08,240.769386869871,241.37670352923723,239.77482190099204,241.2534942626953,66901200
2018-03-09,242.66167225220465,245.4517822265625,242.344798661436,245.4517822265625,113625300
2018-03-12,245.74227087490792,246.36718099254543,244.756462741342,245.14373779296875,71924800
2018-03-13,246.3056225916604,246.80732360191908,242.9521926566162,243.5595092773437,91968900
2018-03-14,244.51890227060835,244.7037296005574,241.75519513417623,242.30967712402344,105895100
2018-03-15,242.82015876545825,243.4626626446098,241.54390753995625,242.0456085205078,83433000
2018-03-16,242.5731714551364,243.3596693637448,242.2550556503789,242.30807495117188,100343700
2018-03-19,241.5569418332519,242.4848066021143,237.3770736672259,239.02957153320312,109208400
2018-03-20,239.4272353930552,240.07233951458807,238.75562162094465,239.4360809326172,59757300
2018-03-21,239.39185251338063,241.4861955710921,238.76443954354207,238.9765167236328,78709600
2018-03-22,236.74964866306777,237.5979844347918,232.72883860854253,233.0028076171875,148785900
2018-03-23,233.4446179934652,233.77157928506128,227.84199440974007,228.03640747070312,183534800
2018-03-26,231.64185690385423,234.55802554492635,229.238217023612,234.2752380371093,141956100
2018-03-27,235.2120052006976,235.7421981357411,228.7345361738358,230.2898406982422,129941400
2018-03-28,230.42247430118644,232.09266356967524,228.50485258197128,229.6094665527344,146452300
2018-03-29,230.7493671899762,234.40786051928043,229.61824389857856,232.5432586669922,111601600
2018-04-02,232.0130642531419,232.52562014188928,225.0495882525477,227.52392578125,186286300
2018-04-03,228.76105618064247,230.91726410781752,226.96716475422537,230.4400634765625,119956900
2018-04-04,226.8876455565521,233.6125205677921,226.7550973110947,232.90557861328125,123715300
2018-04-05,234.6641421954918,235.62738914999005,233.5772194883386,234.7436981201172,82652600
2018-04-06,232.7818742254861,234.2752870709953,227.9922575687341,229.51220703125,179521200
2018-04-09,230.970317685891,234.036726605388,229.70664599907167,230.6433563232422,105442900
2018-04-10,233.5330165315341,235.0971668991006,232.3930745308955,234.3106689453125,103529000
2018-04-11,232.8260584961061,234.743679746807,232.75537508521705,233.08233642578125,91140200
2018-04-12,234.40783544147104,235.9454488378119,234.23108649030613,234.99989318847656,68890500
2018-04-13,236.30781928359715,236.4227034312839,233.30327520427028,234.3106689453125,85079200
2018-04-16,235.94550015531053,237.0059401567355,235.1236739866664,236.2371063232422,63405300
2018-04-17,238.0044162335648,239.36530753049607,237.4918874679706,238.764404296875,64682000
2018-04-18,239.20630438235705,239.7453429148429,238.4816713341332,238.9412078857422,57303900
2018-04-19,238.28726367597648,238.4905223067502,236.58174658331475,237.6156768798828,77655900
2018-04-20,237.5449917152264,237.7659144802581,234.71716953557635,235.60086059570312,99953100
2018-04-23,236.17522430550417,236.73195385379043,234.4873715522299,235.5654754638672,65558000
2018-04-24,236.59058307701824,236.8115058101528,230.8907657749029,232.39305114746097,112885500
2018-04-25,232.33117921342284,233.40928319691392,230.5107781054454,232.96743774414065,103840900
2018-04-26,233.99253857515487,236.1664108017169,233.5506930918964,235.3357391357422,67731900
2018-04-27,235.9455126245644,236.24596434828752,234.6199760367859,235.5566864013672,57053600
2018-04-30,236.17525204240047,236.73198165607025,233.6743915505361,233.74510192871097,82182300
2018-05-01,233.17955034822333,234.26650003565555,231.6242454884394,234.16046142578125,74203400
2018-05-02,233.96604976962223,234.7790304291084,232.1986676791265,232.5874938964844,86368900
2018-05-03,231.7567896085878,232.728828047359,228.920122334684,232.0749053955078,136311500
2018-05-04,231.10278330963263,235.75985058147444,230.77582206389576,235.0793914794922,91222100
2018-05-07,235.8483072428837,236.84685543367848,235.15900236383027,235.87481689453125,55304900
2018-05-08,235.50365480335705,236.2371064776769,234.31066654300145,235.87481689453125,67499200
2018-05-09,236.54638487556417,238.4816701959383,236.02501045597168,238.1547088623047,59666100
2018-05-10,238.8969065520824,240.7084884097393,238.7908679980919,240.38150024414065,72063900
2018-05-11,240.50528721182133,241.38013245892407,239.99273145453296,241.1150360107422,59871500
2018-05-14,241.54803517049672,242.20195771953223,240.6820084954234,241.2299194335937,54790600
2018-05-15,240.0016798498727,240.01934396462096,238.62312379231304,239.5686798095703,87036100
2018-05-16,239.6039808016906,241.0355558477446,239.5774441834004,240.5760192871093,53942600
2018-05-17,240.31092263583,241.45089152917097,239.5951351132481,240.3727874755859,56536400
2018-05-18,240.0280979590921,240.3904144340995,239.4183491314095,239.7718200683593,64368000
2018-05-21,241.25653012595149,242.11371162243097,240.86770386147955,241.5746459960937,58025900
2018-05-22,242.09597283331613,242.35225076806103,240.5760232721084,240.90298461914065,52966400
2018-05-23,239.6304765758288,241.59227148003484,239.47139171583964,241.56573486328125,64694200
2018-05-24,241.168020777068,241.4419627236752,239.28575536011616,241.07080078125,76043800
2018-05-25,240.4964904785156,241.1239035119364,239.9927801566488,240.4964904785156,56374800
2018-05-29,238.8704679984077,239.63045614166225,236.6170671512392,237.73049926757807,115908600
2018-05-30,239.038409599856,241.34483010823465,238.96772618756867,240.90298461914065,69678400
2018-05-31,240.49647401844624,240.79692568949417,238.82631223407603,239.42721557617188,93519900
2018-06-01,240.72628329573607,242.0783295298531,240.6555729092625,241.7778778076172,71258400
2018-06-04,242.5996439304528,243.18288311790948,242.36105711344487,242.9266052246093,45385200
2018-06-05,243.05920808091656,243.4833894856977,242.29040119634027,243.10340881347656,51135000
2018-06-06,243.71318028298785,245.2419486531365,243.0945857149228,245.1359100341797,62732200
2018-06-07,245.62191560533927,245.9135217591233,244.1991591219225,245.10935974121097,72969400
2018-06-08,244.6498721239882,245.8870341980291,244.4819686673565,245.83401489257807,72139700
2018-06-11,246.0549263597859,246.87675252466192,245.94004221387883,246.1609649658203,58892500
2018-06-12,246.57633431471663,246.8414308658151,245.834037003528,246.4791412353516,72329000
2018-06-13,246.71771182982977,246.97398979103377,245.48936829863752,245.692626953125,79070600
2018-06-14,246.5586354050737,246.84139603030303,245.7191181648838,246.3112030029297,77097600
2018-06-15,245.5264900457383,246.3342630036423,244.41691627211264,245.9969482421875,120041600
2018-06-18,244.54121078049525,245.61529785717133,244.06189434330213,245.4910125732422,52917600
2018-06-19,243.2185907104271,244.77199411824915,242.80138985447235,244.55007934570312,97531500
2018-06-20,245.23352622688125,245.63298358658,244.6299246475507,244.9672393798828,53785500
2018-06-21,244.9583386991884,244.97610921400351,242.9344775218204,243.4315643310547,71061400
2018-06-22,244.69210076277875,244.80750077533844,243.65352773894645,243.8754425048828,54898500
2018-06-25,242.72150867695257,242.8812808149951,238.86907139864687,240.5556182861328,137854200
2018-06-26,241.12374026871296,241.9403715023965,240.36922458663943,241.0882263183593,68547400
2018-06-27,241.67403316486272,243.10315106426856,238.9400284428324,239.0909423828125,105110700
2018-06-28,239.0377022033883,241.2213357813261,238.3275587424145,240.4579620361328,76650500
2018-06-29,241.5497532046484,242.91675559562933,240.68872292509045,240.8041229248047,97592500
2018-07-02,239.23300781439923,241.47878420787828,238.99332252521185,241.3189849853516,63554800
2018-07-03,242.2155321465129,242.31318873303871,240.0407836242166,240.4668426513672,42187100
2018-07-05,241.59419894270377,242.49071624932256,240.52011188401104,242.42857360839844,56925900
2018-07-06,242.4551731469632,244.85183600448173,242.07345921926444,244.47903442382807,66493700
2018-07-09,245.48205972164303,246.7336620303323,245.4376876120044,246.6804046630859,50550400
2018-07-10,247.13320141199088,247.6658023504561,246.84025870569093,247.56814575195312,51966800
2018-07-11,246.01464605995807,246.8046754431278,245.45541664745787,245.75721740722656,77054700
2018-07-12,247.01776066717977,248.03856316228035,246.41415901137128,247.9853057861328,60124700
2018-07-13,247.80781661340697,248.48241914617057,247.35510177874667,248.1806182861328,48216000
2018-07-16,248.22497789624032,248.36697949896225,247.5148344366151,247.9586639404297,48201000
2018-07-17,247.1864280346797,249.35231838280768,247.1331706563819,248.9617462158203,52315500
2018-07-18,249.04167452981577,249.59201892505493,248.59784490924093,249.48550415039065,44593500
2018-07-19,248.81965144799824,249.2013382541947,248.06513600349925,248.5444793701172,61412100
2018-07-20,248.3403841175709,248.9706416017385,248.10072590548324,248.260498046875,82337700
2018-07-23,248.0563321291304,248.9262206602363,247.71013209713192,248.7220764160156,47047600
2018-07-24,250.1334625540731,250.8169503012536,249.1037747589767,249.97366333007807,68026900
2018-07-25,249.72513312493336,252.42362448673683,249.6807610037605,252.1040802001953,78882900
2018-07-26,251.3851259389997,252.19287206780945,251.2874693290876,251.50938415527344,57919500
2018-07-27,251.83775830816563,251.9354148965734,248.881865393522,249.80503845214844,76768700
2018-07-30,249.8848677993223,250.0446399013157,247.97637947622283,248.5001220703125,63742500
2018-07-31,249.26344856969368,250.3375080599357,248.8817618129657,249.7250213623047,68570500
2018-08-01,249.92929457030976,250.4352667598153,248.6599485559693,249.30792236328125,53853300
2018-08-02,248.00303886283933,250.8346458978724,247.79886755896152,250.666015625,63426400
2018-08-03,250.7903258198392,251.7933849426332,250.6127831631796,251.74012756347656,53935400
2018-08-06,251.77565566455613,252.9739738521428,251.38508346931644,252.6633148193359,39400900
2018-08-07,253.32905035260487,253.8793946751064,253.1958798126652,253.4976806640625,43196600
2018-08-08,253.32902825337567,253.7906012053874,252.9295708468165,253.39114379882807,42114600
2018-08-09,253.453191522094,253.8437635233853,252.9117327093731,253.0448760986328,35717000
2018-08-10,251.6070381556851,252.14849732314104,250.63946568504315,251.349609375,77076000
2018-08-13,251.62474963484885,252.2372366381248,250.1157181883877,250.40866088867188,65732900
2018-08-14,251.13652012561977,252.24609398133148,250.7459479612728,252.00640869140625,43842000
2018-08-15,250.65708186839285,250.79911051893149,248.68647836211187,250.12448120117188,102925400
2018-08-16,251.56267059325185,253.0184450239446,251.52715663198205,252.1485290527344,69967900
2018-08-17,251.94425665074897,253.47991656185243,251.53594107206413,253.0360870361328,65618500
2018-08-20,253.48885012006187,253.8439083904486,253.03613524902323,253.57762145996097,39807500
2018-08-21,254.09238567018824,255.03330203164737,253.6130422310215,254.1722717285156,67272000
2018-08-22,253.7639641223504,254.54510839160795,253.49765016371987,254.0213928222656,44993300
2018-08-23,253.8438541554065,254.7048844989658,253.36451069373325,253.68408203125,49204900
2018-08-24,254.2610899286021,255.3529204388044,254.2078325465637,255.2108917236328,57487400
2018-08-27,256.4092327007544,257.33240588682605,256.24946054043704,257.22589111328125,57072400
2018-08-28,257.6872936334661,257.7938354257153,256.88840627134505,257.3500061035156,46943500
2018-08-29,257.5630557245399,258.9655445735212,257.3233976238515,258.7347717285156,61485500
2018-08-30,258.2554314810419,258.6282329753944,257.092600719047,257.68731689453125,61229500
2018-08-31,257.27914917403945,258.140179714729,256.7909474309434,257.69635009765625,66140800
2018-09-04,257.27907009152085,257.6074995729283,256.2493824457125,257.25244140625,57594400
2018-09-05,256.89752610879765,257.101697535555,255.5482934893863,256.5602111816406,72452400
2018-09-06,256.6665543659955,256.96835512817944,254.7580932317507,255.78778076171875,65909900
2018-09-07,254.7404119315528,256.2671866291312,254.50072664342497,255.2907562255859,73524800
2018-09-10,256.30258459676503,256.5688984812987,255.5392110573329,255.7344970703125,50210900
2018-09-11,255.08655922474992,257.0216493185275,254.7403863055744,256.57781982421875,50530500
2018-09-12,256.58672675418035,257.24358579269136,255.8499816506508,256.6399841308594,59810800
2018-09-13,257.70517974058833,258.3442953348075,257.4211223455566,258.1578674316406,51034200
2018-09-14,258.3620120999993,258.548412894725,257.4210957791152,258.2022399902344,55079900
2018-09-17,258.14907260591986,258.1845594721034,256.5601549448557,256.8353271484375,68244000
2018-09-18,257.0482498229806,258.82356760557764,257.0216211398096,258.2288513183594,61930400
2018-09-19,258.2820526105103,258.9211679570584,258.1577673898956,258.50396728515625,49080600
2018-09-20,259.76456338411145,260.91850934003577,258.52181901409443,260.59893798828125,100360600
2018-09-21,261.3416596599288,261.45758204644017,260.200313965692,260.3608093261719,105479700
2018-09-24,259.7813150054989,259.9239866684046,258.9163867572712,259.4959716796875,53409600
2018-09-25,259.95069522871887,260.05769215619654,259.0144449014566,259.25518798828125,44370000
2018-09-26,259.3978577222201,260.58377660882445,258.0603417149148,258.4794311523437,79739700
2018-09-27,258.9519001519305,260.289415545098,258.6754824809548,259.2015686035156,59249500
2018-09-28,258.5774594102581,259.7277306037356,258.5418119152034,259.2283935546875,70091400
2018-10-01,260.4679039507607,261.1990860385844,259.4603312240821,260.12908935546875,62078900
2018-10-02,259.9774169921875,260.6907479078921,259.6029277855832,259.9774169921875,47258200
2018-10-03,261.02961828669123,261.44870772895086,259.763451690474,260.1201171875,64694600
2018-10-04,259.6385763650199,259.6920748233292,256.4998822262784,258.0870666503906,111545900
2018-10-05,258.30994896257005,258.8271097227561,255.21582824502417,256.6425170898437,105951700
2018-10-08,255.95590828684377,256.99918249809207,254.57381962544665,256.6425170898437,87742200
2018-10-09,256.25919865326443,257.5699383979539,255.7063357693403,256.2680969238281,74339000
2018-10-10,255.7596898866055,255.8310392818645,247.77919743970227,248.1536865234375,214731000
2018-10-11,247.0659164559745,248.68877555553425,241.0738443445329,242.68780517578125,274840500
2018-10-12,246.7895348863604,247.0748781744301,242.86615991682004,246.05838012695312,183186500
2018-10-15,245.7016624383773,247.0302800832368,244.58706584373425,244.67623901367188,102263700
2018-10-16,246.63791323813768,250.4007920232781,246.16532542157915,250.0262756347656,118255800
2018-10-17,250.06195159557257,250.6950347767429,247.49391695240016,250.0708770751953,110626000
2018-10-18,249.1346419907175,249.73207777845568,245.1845179269669,246.4596099853516,134557500
2018-10-19,247.1105165023744,249.04544086380105,245.63032902677745,246.32583618164065,139901600
2018-10-22,246.99458271671577,247.3155734448505,244.68514204987417,245.2201538085937,82415800
2018-10-23,241.59993397454068,245.0952931537513,239.5133855032016,243.9717712402344,146352700
2018-10-24,243.7221665604862,244.1056085152865,236.02701362087163,236.5798492431641,177806700
2018-10-25,238.4166305805473,242.36675365620204,237.39120734402607,240.8241424560547,138061500
2018-10-26,237.1148587130316,241.64456778915647,233.87806549908413,236.5887451171875,201574600
2018-10-29,239.682826498413,240.97576935563563,231.7023316849632,235.27793884277344,160749100
2018-10-30,235.1085493894077,239.0764967726375,234.6181105812581,238.764404296875,157116000
2018-10-31,241.33239894085352,243.6329410714347,240.85981117167609,241.3145751953125,128296300
2018-11-01,242.17950759670447,244.07878418766865,241.09166043817152,243.8826141357422,99495000
2018-11-02,244.98837100355448,245.4163859611681,240.3873122535907,242.4381866455078,122634100
2018-11-05,242.92853056870712,244.3284702575808,241.95660571803845,243.775634765625,65622500
2018-11-06,243.71322916141185,245.47873267664912,243.650805223928,245.3182373046875,60085900
2018-11-07,247.49395383760404,250.6504991579241,247.0659389293435,250.5702514648437,102752100
2018-11-08,249.76768083754868,250.7574566535738,248.97410230064656,250.11544799804688,65584900
2018-11-09,248.80469199431192,248.9919365899852,246.26340649142955,247.6722717285156,98812600
2018-11-12,247.1640395101199,247.40478259123665,242.52730654258272,243.04449462890625,99673600
2018-11-13,243.50814820119857,245.5054966258056,241.867465250724,242.5897216796875,98176600
2018-11-14,244.46218587979715,244.8634242294478,239.3707174897408,240.93115234375,125335900
2018-11-15,239.66502147667336,243.9094140947581,238.08676246595184,243.4457244873047,135101400
2018-11-16,242.3490465910176,244.98840449418785,241.8318583783873,244.0789031982422,126668000
2018-11-19,243.4725030781068,243.7667718586048,239.03196704363543,239.9503936767578,103061700
2018-11-20,236.6154672493297,238.0778310334612,234.6448681024103,235.50979614257807,136021300
2018-11-21,237.061353202817,238.2116247297562,236.30344914168023,236.3123474121093,75563700
2018-11-23,234.6716611316323,236.1340251887024,234.5735896753301,234.7340850830078,42807900
2018-11-26,236.98995008910617,238.74655515011227,236.59760996905607,238.5236358642578,79981400
2018-11-27,237.48931889071773,239.326171875,236.8829848828991,239.326171875,75502400
2018-11-28,240.39628549412063,244.8368225097656,239.26383753082104,244.8368225097656,127629600
2018-11-29,244.061002768336,245.70168584653985,242.919656835158,244.30177307128903,82346400
2018-11-30,244.1501496182544,246.3525935500648,243.82915886470985,245.79083251953125,98204200
2018-12-03,249.91930947209525,250.02630639288208,247.449373177828,249.0454559326172,103176300
2018-12-04,248.2161680083725,248.64418284372908,240.66366133413808,240.9757537841797,177986000
2018-12-06,237.1148692771766,240.72615190959465,234.01182208840007,240.6102294921875,204185400
2018-12-07,240.2713434999047,241.8407041633417,234.1811998724855,235.0193786621093,161018900
2018-12-10,234.84107067737293,236.43718083040707,230.60560305995816,235.4652557373047,151445900
2018-12-11,238.6663576829528,238.8536023031513,234.0474756391725,235.51873779296875,121504400
2018-12-12,238.4968848551925,239.86114978594813,236.6243574256507,236.70460510253903,97976700
2018-12-13,237.64987435262964,238.51480260463467,235.5098538233727,236.6244506835937,96662700
2018-12-14,234.4754249536186,235.42952607242904,231.70232196988303,232.25515747070312,116961100
2018-12-17,231.3010700046853,232.4156665517509,226.06692897355805,227.69869995117188,165492300
2018-12-18,229.33946221797385,230.00822033811352,225.8440744701685,227.4490966796875,134515100
2018-12-19,227.52929289696613,231.30108403130995,222.3397381341981,224.04283142089844,214992800
2018-12-20,222.79450353410616,224.3638507742223,218.1488585473539,220.39588928222656,252053400
2018-12-21,221.2972864799225,223.9610345400313,215.2343385006495,215.88009643554688,255345600
2018-12-24,214.39121089586047,216.00560532658943,210.11308276113897,210.1758575439453,147311600
2018-12-26,211.63778672637773,220.7949676513672,209.65566642653576,220.7949676513672,218485400
2018-12-27,217.55727810910773,222.6874448202504,214.31952454087468,222.4901428222656,186267300
2018-12-28,223.8444405758009,225.4767632889576,221.0371876434648,222.20314025878903,153100200
2018-12-31,223.82642837769137,224.39146982728232,221.95194360365343,224.14930725097656,144299400
2019-01-02,220.6156260112586,225.30634138582337,220.5887205734624,224.38253784179688,126925200
2019-01-03,222.633618017562,222.9385691243565,218.5438272102685,219.0281524658203,144140700
2019-01-04,222.05957672065173,227.0103818031237,221.6828869633961,226.3646240234375,142628800
2019-01-07,226.6336926865011,229.55753053557964,225.73680839944248,228.14942932128903,103139100
2019-01-08,230.3378446485981,230.77730922015044,227.80862422016872,230.29298400878903,102512600
2019-01-09,231.00153681805648,232.2123361952188,229.77280960690817,231.3692626953125,95006600
2019-01-10,229.83556197931927,232.4365207771617,229.1539212045767,232.1853942871093,96823900
2019-01-11,231.10913472146507,232.3020061415807,230.52616541356173,232.2751007080078,73858100
2019-01-14,230.37372222792283,231.66523800057232,229.97014065568283,230.8580474853516,70908200
2019-01-15,231.23469869075265,233.8177296518354,231.2257210898198,233.5038146972656,85208300
2019-01-16,233.93435413014328,234.95681551959413,233.728088228256,234.06890869140625,77636700
2019-01-17,233.19896404103096,236.70578596770392,233.1541033904232,235.84475708007807,96118400
2019-01-18,237.65640867719944,239.4501772546297,235.8805679320784,238.98377990722656,127900300
2019-01-22,237.5129025266222,237.72814599602768,234.1406088620099,235.75498962402344,115531200
2019-01-23,236.7864270567161,237.48599569891363,233.7818592504657,236.248291015625,86030300
2019-01-24,236.0689334404488,236.9568676017072,235.05544969694287,236.3738708496093,59204100
2019-01-25,238.2214342464364,239.19906225440903,236.47252622175893,238.37391662597656,96883400
2019-01-28,236.2303825110158,236.62498644464915,234.7953620742769,236.56222534179688,85613700
2019-01-29,236.7057107561628,237.2707248600356,235.41419520583867,236.248291015625,66136300
2019-01-30,237.7639804225412,240.8313087174274,237.001623463272,239.9882354736328,92473700
2019-01-31,239.92554817971035,242.5803182688337,239.7102773173702,242.0959930419922,104012100
2019-02-01,242.2933322840041,243.235077392905,241.42335325978183,242.21261596679688,85782500
2019-02-04,242.2574453074274,243.97947549210747,241.5847819708829,243.91668701171875,60744800
2019-02-05,244.3472465954503,245.2441312100656,243.84499340092543,244.9391937255859,79552800
2019-02-06,244.66114788209305,245.15442344400464,243.88086269071712,244.6162872314453,58347800
2019-02-07,243.0018593582733,243.5489456994387,240.62512119361995,242.28436279296875,95482000
2019-02-08,241.0376951804297,242.67898167564843,240.2125494458952,242.5803375244141,75788900
2019-02-11,243.23508259502825,243.49515938801105,242.185715707408,242.71487426757807,68021400
2019-02-12,244.3292546059827,246.21268990556644,244.2574885280383,245.8360137939453,72270200
2019-02-13,246.6701146070692,247.47730509020485,246.24857784565816,246.6342315673828,65277200
2019-02-14,245.54900683698227,247.2172260327048,244.73283875879804,246.0871429443359,83234400
2019-02-15,247.86292170536063,248.8046666036504,247.65665584220744,248.7687835693359,97088700
2019-02-19,247.9706135479331,249.85404892766604,247.96163594512325,249.1993408203125,59120800
2019-02-20,249.16346298532432,250.15901894210884,248.66120989080383,249.7015991210937,76610800
2019-02-21,249.06480145649545,249.42354973172925,247.8540020781846,248.8136749267578,64214700
2019-02-22,249.43250603911773,250.55361153324364,248.79572578226137,250.3563232421875,78114600
2019-02-25,251.78237817298336,252.30255910397952,250.6164119809546,250.69712829589844,69030700
2019-02-26,250.3473357536427,251.39667512709303,250.1410424974036,250.5177459716797,56844100
2019-02-27,249.80025400552407,250.7599269622989,248.8675138588991,250.41015625,56921600
2019-02-28,250.19479101413177,250.63428285304383,249.62079939964423,249.94366455078125,69268300
2019-03-01,251.52220029097825,251.9168315177378,250.06925230642395,251.5042724609375,78880500
2019-03-04,252.56266478077004,252.80481372706456,248.2934860707852,250.58950805664065,106494600
2019-03-05,250.7151157468107,250.91243144340865,249.7016318220463,250.24871826171875,59114600
2019-03-06,250.36532294113653,250.3743005455001,248.41012114205049,248.7329864501953,75039800
2019-03-07,248.2844999919033,248.4280047824629,245.8091176242837,246.6521911621093,94885100
2019-03-08,244.7956201339422,246.32928473028312,244.3292501188252,246.15887451171875,85795800
2019-03-11,246.8764295610073,249.88994826166177,246.8495241215637,249.728515625,65098900
2019-03-12,250.28455806959337,251.1904200707652,250.09622000970504,250.6702117919922,79667500
2019-03-13,251.5581602847145,253.26223526485663,251.3967002820184,252.3294677734375,80639200
2019-03-14,252.3563525815843,252.7778893332772,251.7285499406143,252.1680145263672,67518400
2019-03-15,252.720200723877,254.22457943424035,252.53100562346543,253.4138336181641,81309000
2019-03-18,253.63005252150992,254.62999354582587,253.4048437987981,254.33270263671875,62199800
2019-03-19,255.395723553168,256.16141126187534,253.50396467411883,254.39578247070312,90268100
2019-03-20,254.1795436503385,255.3866589510104,252.522010961746,253.6300201416016,84609200
2019-03-21,252.8102189303534,256.8999879551647,252.76516070850388,256.49462890625,79550400
2019-03-22,255.13443602338907,255.6569081170913,251.49505569291907,251.55812072753903,122659300
2019-03-25,251.2157882534636,252.4048967493941,250.1077790792835,251.3689422607422,85575200
2019-03-26,253.125593361551,254.197589107134,251.8374060341025,253.24270629882807,68125900
2019-03-27,253.23376022831025,253.81932507904784,250.3691109993635,251.9185485839844,72224700
2019-03-28,252.54911040671945,253.3238153497246,251.3960426485766,252.87339782714844,56238500
2019-03-29,254.38673212848389,254.7920912614551,253.26068871807337,254.46780395507807,82186800
2019-04-01,256.4677058809414,257.78291713150287,256.19743891736897,257.4856262207031,77617900
2019-04-02,257.67482041149606,257.84598124041696,256.81901626689137,257.6117553710937,40070400
2019-04-03,258.8278968117769,259.22426637741154,257.4135793840035,258.01715087890625,68243200
2019-04-04,258.34142325877013,258.95398437326423,257.64779030482515,258.7017517089844,48997500
2019-04-05,259.3683813046049,260.00796634856,259.0801075555865,259.95391845703125,58621700
2019-04-08,259.5305822634568,260.26025645144784,258.87296278297543,260.15216064453125,53566300
2019-04-09,259.18822378928195,259.51251116404137,258.2693820694969,258.8188781738281,66142300
2019-04-10,259.2332694125867,259.791810186664,258.818893023963,259.70172119140625,52601500
2019-04-11,260.1880907874931,260.1971079322782,259.0620473411593,259.62957763671875,55093100
2019-04-12,261.24218510316035,261.66557870970394,259.67474078975937,261.3863220214844,69727800
2019-04-15,261.45839504620494,261.55750121194006,260.4134229336511,261.2151794433594,49596700
2019-04-16,262.09798946467595,262.1520373726342,260.7917675426377,261.3863220214844,52153200
2019-04-17,262.50325442630555,262.5302783705718,260.3322392659286,260.74664306640625,58268300
2019-04-18,261.3322445501764,261.53042935403886,260.0350399233135,261.2601623535156,68708500
2019-04-22,260.4944551085593,261.63850560047865,260.404366115119,261.4853515625,40160100
2019-04-23,261.85469994027653,264.0707737387057,261.6205015444346,263.8365478515625,52246600
2019-04-24,263.75547245228483,264.0887769848535,263.1068701892618,263.2510070800781,50392900
2019-04-25,263.151993289139,263.74654786316785,261.8998465659091,263.08892822265625,57770900
2019-04-26,263.1338733529149,264.386019537816,262.35914106238647,264.31396484375,50916400
2019-04-29,264.4040146897125,265.2508015489559,264.3139257169919,264.7283020019531,57197700
2019-04-30,264.3860229636108,265.15173811806574,262.9717330802613,264.86346435546875,81111700
2019-05-01,265.49411402755555,265.70131599138176,262.8636635161077,262.8726806640625,71671900
2019-05-02,262.7555016521478,263.67437079078803,260.8096950831011,262.3050842285156,65030200
2019-05-03,263.7824949736138,265.1517541920076,262.4132082639191,264.8724975585937,56543700
2019-05-06,260.5664233591096,264.2238098506895,260.25112573232684,263.78240966796875,107198100
2019-05-07,261.37723490411906,261.97178922380755,257.467614824318,259.3773803710937,144729900
2019-05-08,259.0171203613281,260.72870158715085,258.4225658845317,259.0171203613281,91568300
2019-05-09,256.9451804502703,258.8369119830217,255.20654798317443,258.2333679199219,103471100
2019-05-10,257.2964373238889,260.28721552924605,254.3056591185317,259.530517578125,112429300
2019-05-13,254.41376563134563,255.377637933495,252.17066837943403,253.0084381103516,127290500
2019-05-14,254.02638949207804,256.82799993876176,253.9002869190085,255.29656982421875,77003200
2019-05-15,253.666094011716,257.4315772634387,253.4588920896291,256.7919921875,73956400
2019-05-16,257.4946597422324,260.53046913612627,257.42260504214363,259.17022705078125,76749600
2019-05-17,256.8640610092583,259.9809418767313,256.84602671792,257.49462890625,100353000
2019-05-20,255.89111659043127,257.60269711519743,255.04432972710484,255.7920379638672,62877600
2019-05-21,257.48561696577354,258.47654081399,257.2333843036183,258.09820556640625,46847100
2019-05-22,257.14333727037746,258.2603637668367,256.82803955212853,257.30548095703125,49482500
2019-05-23,255.0803098332681,255.1253405634328,252.74715169019743,254.1614685058593,98733800
2019-05-24,255.6028460403203,256.0172498237098,254.116474184375,254.7380523681641,55268100
2019-05-28,255.01736875842315,255.97225162881708,252.3509049406044,252.3689117431641,70029400
2019-05-29,251.25185573751625,251.65721493237672,249.2700080360927,250.67530822753903,104972900
2019-05-30,251.4321011070103,252.26989874183897,250.2610263359379,251.36004638671875,62523800
2019-05-31,248.81059086378568,249.63934351166384,247.94576963387289,247.9727935791016,86862800
2019-06-03,248.0088024935368,249.12582873979784,246.00894833217964,247.3421936035156,96428000
2019-06-04,249.6394070852388,252.8463776951236,249.1889895558583,252.7112579345703,77231900
2019-06-05,254.3326619716426,254.9272162034948,252.52200282462823,254.9001922607422,71169700
2019-06-06,255.19752776383675,257.2333959536874,254.54892553301983,256.5577697753906,69430400
2019-06-07,257.5757154656133,260.2061654606606,257.4045546359031,259.1251525878906,74272200
2019-06-10,260.6746596118022,261.98088155906305,260.22424204258215,260.3143310546875,60799100
2019-06-11,262.1339317774846,262.50327737561093,259.60258797515644,260.2511901855469,58641300
2019-06-12,260.0170789116337,260.575592323251,259.2783874679363,259.7918701171875,47096300
2019-06-13,260.7016563387567,261.22415605961413,259.99900610381013,260.8638000488281,48945200
2019-06-14,260.5755310058594,261.1790750378197,259.8098157866652,260.5755310058594,52324700
2019-06-17,260.80971080142655,261.44030622903506,260.50343023385363,260.6745910644531,39205700
2019-06-18,262.4942892335855,264.4581026767264,262.1339332880597,263.40411376953125,85434800
2019-06-19,263.5392835877693,264.5302076436877,262.56639382733385,263.99871826171875,78674400
2019-06-20,266.6831978027144,266.9264133528406,264.0617646861457,266.5210266113281,116570000
2019-06-21,266.2513495642616,267.5095862098621,265.91642385913804,266.1336669921875,83309500
2019-06-24,266.34178300435536,266.6585865868795,265.65380982514523,265.8077087402344,47582700
2019-06-25,265.86195990524493,265.8891152812311,263.09200105464896,263.2006225585937,82028700
2019-06-26,264.09684710879384,264.60376601063865,262.8295498541817,262.93817138671875,51584900
2019-06-27,263.6984901357934,264.37740218570366,263.3183148578448,263.8704833984375,40355200
2019-06-28,264.8481295807128,265.7261903530985,264.3321773691084,265.22833251953125,59350900
2019-07-01,268.55960231230983,268.7768730392971,266.43233818876865,267.63629150390625,78705600
2019-07-02,267.59093754948606,268.38753219550205,266.7490931451758,268.3332214355469,61504500
2019-07-03,269.01222196219044,270.4967902221676,268.8673840130453,270.4786682128906,40898900
2019-07-05,269.24758758810736,270.33385839622804,267.9531346730237,270.1708984375,51677300
2019-07-08,268.8582420478793,269.9897621701306,268.14311359561566,268.6862487792969,45841800
2019-07-09,267.5276995283134,269.3200105677684,267.4733887468158,269.02130126953125,41101300
2019-07-10,270.0894280343671,271.2571649910291,269.555353643339,270.3066711425781,58448500
2019-07-11,270.9493381022296,271.1846755452837,269.9355003090513,270.9402770996094,50826100
2019-07-12,271.42906689299434,272.22566152144543,271.12129671836635,272.1532287597656,40326000
2019-07-15,272.5877304367864,272.5877304367864,271.736825087093,272.2437438964844,33900000
2019-07-16,272.15319515082905,272.36140478369055,271.0578914844731,271.3656616210937,36650100
2019-07-17,271.3385669621736,271.5014992547846,269.5190734863281,269.5190734863281,36036300
2019-07-18,269.0212274934216,270.88597081349883,268.5776803578232,270.5057678222656,51392600
2019-07-19,271.60123295250435,271.62838834915834,268.8312719937101,269.0032653808594,58678600
2019-07-22,269.40138946990106,270.2070451761584,268.88543721281127,269.6639099121094,43638100
2019-07-23,270.7863520324811,271.59197998046875,269.9535410820308,271.59197998046875,44564500
2019-07-24,270.8316412045889,272.8683776855469,270.7411140582117,272.8683776855469,47213200
2019-07-25,272.4157552597237,272.470066019694,270.75919420561445,271.5648498535156,55394100
2019-07-26,272.2528485823537,273.58351757677167,272.12610504716736,273.3843688964844,45084100
2019-07-29,273.2667386978963,273.38442125310485,272.33436688549176,272.88653564453125,38126500
2019-07-30,271.4833908656109,272.62397210504514,271.10318791079754,272.21661376953125,45849000
2019-07-31,272.4610628992389,272.6511782245278,267.2198800736409,269.2384948730469,104245200
2019-08-01,269.3923878679063,272.35243534985585,266.0973871356964,266.8939819335937,142646600
2019-08-02,265.9977948047816,266.24219324196565,263.32739587533223,264.8843688964844,116749700
2019-08-05,260.7837200874932,260.89234160663744,255.01749757121053,256.91845703125,178745400
2019-08-06,258.81039579143163,260.73851093150165,257.33488880161246,260.521240234375,120711700
2019-08-07,257.44354168218393,261.4446103725473,255.3072442129039,260.6751708984375,140572300
2019-08-08,262.1687766333647,265.7896423339844,261.61660787402644,265.7896423339844,87713900
2019-08-09,264.8481563528481,265.44560238852426,262.19587938954885,263.9791564941406,93730000
2019-08-12,262.47653060747723,263.9701320912524,259.8151922727457,260.76568603515625,65527600
2019-08-13,260.46689624662304,266.2693353078018,260.1229096763027,264.82098388671875,94299800
2019-08-14,260.76563897648515,261.372118364232,256.86415934036023,256.9908752441406,135622100
2019-08-15,257.8779789447643,258.5659520526638,255.62399959125736,257.6697692871094,99556600
2019-08-16,259.32641272187715,261.906257446476,257.7241619613219,261.4717712402344,83018300
2019-08-19,264.4951712812332,265.30079947919467,263.81625900906977,264.62188720703125,53571800
2019-08-20,264.114903213662,264.64897742124305,262.46743083392226,262.5941467285156,51596400
2019-08-21,264.7576546496577,265.1016136143309,264.0696814702971,264.7304992675781,49524700
2019-08-22,265.4365786995359,266.0702135180724,262.87480116707053,264.6490173339844,51666400
2019-08-23,263.34552999656404,265.01112462198813,256.60165772038295,257.8508605957031,149161500
2019-08-26,260.0414831645936,260.7023010253906,258.5116653687146,260.7023010253906,72423800
2019-08-27,262.0962910754054,262.4674330108714,258.91897355776075,259.6793518066406,66668900
2019-08-28,259.0185898937804,261.6708668645928,258.21293417482644,261.5079345703125,59696700
2019-08-29,264.0696718566362,265.37318539901827,263.0648675062555,264.84814453125,57899400
2019-08-30,266.33272206029176,266.3508164400091,263.7981276495006,264.7304992675781,62901200
2019-09-03,263.02868486425206,263.9429344655797,261.85188719792905,263.1825561523437,69101400
2019-09-04,265.3551715349108,266.1879552243926,264.60382638840616,266.1698608398437,46887300
2019-09-05,268.65915054275484,270.50577188502655,266.133589357725,269.5915222167969,83258100
2019-09-06,269.908392828045,270.4424672022714,269.22948051122984,269.7997436523437,49584300
2019-09-09,270.7864219040724,270.8769214356232,268.99408365421084,269.9355163574219,51260300
2019-09-10,269.1751580163531,269.9355641661296,267.9169214798469,269.8721923828125,57947100
2019-09-11,270.1799147938697,271.8726648838631,269.5281579417055,271.79119873046875,68821100
2019-09-12,272.69644962340993,273.7917537690513,271.936071136972,272.732666015625,72908700
2019-09-13,273.1761761691998,273.52922378912524,272.1804327059594,272.55157470703125,62104800
2019-09-16,271.42010193281993,272.5968999139856,271.06708187598014,271.70977783203125,58191200
2019-09-17,271.5105223099501,272.4881435539882,271.33852903900765,272.39764404296875,41475500
2019-09-18,272.00841165390426,272.6692294359746,269.9716751697908,272.56060791015625,73375800
2019-09-19,272.9498999338318,273.94564349864027,272.2076158559735,272.54254150390625,76560500
2019-09-20,273.1462930685784,273.4282314887525,270.46359030392364,271.2547607421875,89565000
2019-09-23,270.59089610131656,271.9095320231954,270.33626621153167,271.19110107421875,43476800
2019-09-24,272.2824740494429,272.673507976676,268.09924360560893,269.0632019042969,94869400
2019-09-25,269.1450611127477,271.10025862379086,267.66273993263906,270.6546630859375,71854000
2019-09-26,270.6636835101628,270.87282694256567,268.6812058097561,270.0907592773437,56179700
2019-09-27,270.8455691998778,270.9547201008358,267.08068181796534,268.6357421875,84746600
2019-09-30,269.1540856912137,270.5909199632974,269.10862696682705,269.881591796875,51662400
2019-10-01,270.7637324178549,271.4184990741899,266.4532014526551,266.67144775390625,88242400
2019-10-02,265.0891114666045,265.09821431351884,260.6694572690525,261.9607849121094,122539500
2019-10-03,261.7334246319195,264.1342448983291,259.01433776802537,264.1069641113281,85278800
2019-10-04,264.7618432955707,267.9356297936323,264.7072539457833,267.6809997558594,65091200
2019-10-07,266.8806790485321,268.508507085416,266.24409018978105,266.5260009765625,59610500
2019-10-08,264.67077779882845,265.40738677887896,262.35179996128653,262.38818359375,95708100
2019-10-09,264.40709805869136,265.8166518828195,263.77961209760576,264.8799743652344,62359400
2019-10-10,264.7980929946163,267.55356355823847,264.634408268678,266.67144775390625,55296300
2019-10-11,269.4269017924842,271.6731123470301,269.3087035549438,269.4360046386719,98720400
2019-10-14,269.1177195999643,269.79069193177,268.79035015685406,269.13592529296875,40394800
2019-10-15,270.181811813728,272.5462491928704,270.0635857818824,271.800537109375,46754500
2019-10-16,271.3365803040101,272.0550111800969,270.92736860439646,271.3638610839844,48928200
2019-10-17,272.5279681797132,273.0372280587811,271.4730647866204,272.1642150878906,45736600
2019-10-18,271.6276670391448,272.27333084102725,270.11806538415243,270.972900390625,64304000
2019-10-21,272.29151006181155,273.009913309205,271.85498975437696,272.8098449707031,39048600
2019-10-22,273.34649417590447,273.6375078298184,271.8278169711094,271.91876220703125,48594700
2019-10-23,271.664068797207,272.76443096306724,271.45489757866204,272.7098693847656,34352200
2019-10-24,273.6464773404309,273.79198409648734,272.3278414435656,273.1553955078125,35453100
2019-10-25,272.58255557313646,274.8196914172672,272.5279939918244,274.2740478515625,45205400
2019-10-28,275.4925768715583,276.32013101368767,275.4652960867663,275.8199462890625,42147000
2019-10-29,275.5471021585543,276.6656696928972,275.4197733445718,275.7380676269531,44284900
2019-10-30,275.93810992106086,276.9566293265824,274.6285770417982,276.58380126953125,49643900
2019-10-31,276.5747934558149,276.5747934558149,274.39224715798696,275.8472595214844,69053800
2019-11-01,277.2932449130918,278.4481686934179,277.1295324204775,278.4027099609375,71141500
2019-11-04,279.95782174210035,280.0942257170941,279.1484452361556,279.52130126953125,60606900
2019-11-05,279.7212960070464,280.02141242557303,278.9210225610841,279.2120361328125,42933200
2019-11-06,279.2120313794404,279.5485036742687,278.329915585056,279.27569580078125,46487100
2019-11-07,280.6124904635661,281.5946264927241,279.78493630115787,280.2578125,54272300
2019-11-08,279.9122796178653,281.0035667061069,279.2120541836701,280.9490051269531,49032100
2019-11-11,279.5666824717528,280.585202104894,279.4302507955533,280.41241455078125,35797300
2019-11-12,280.77625188241115,281.9038949929491,280.23060827155547,281.00360107421875,46484600
2019-11-13,280.0123590947708,281.4946802507706,279.78500990526373,281.09454345703125,53917700
2019-11-14,280.812509231286,281.58550168630387,280.175920679489,281.5036315917969,51219900
2019-11-15,282.8404270195278,283.58613864557697,282.14930470380386,283.5406799316406,62023600
2019-11-18,283.3043130077444,283.9863604368472,282.8496147216759,283.7499084472656,49228000
2019-11-19,284.3501383088859,284.35924115622686,283.0224269685197,283.6680908203125,67804700
2019-11-20,283.0768991711513,283.5952617594238,281.05803813228846,282.61309814453125,79406200
2019-11-21,282.72226583962293,282.8313889694195,281.35817121201325,282.1584167480469,54664700
2019-11-22,282.9041451712369,283.0405490915344,281.776502426674,282.7859191894531,44850200
2019-11-25,283.713553290501,284.97760009765625,283.713553290501,284.97760009765625,48647200
2019-11-26,285.0140412468093,285.8052119858325,284.69574683100126,285.6233215332031,37569000
2019-11-27,286.10528592426454,286.896484375,285.8870395944535,286.896484375,44444600
2019-11-29,286.3325849809778,286.5781398116173,285.60507884056364,285.8324279785156,36592700
2019-12-02,286.08703031011913,286.15069472322455,282.9769099443492,283.4043273925781,75767800
2019-12-03,280.6851804198968,281.58550168630387,279.3029079463006,281.5036315917969,73941700
2019-12-04,282.5495695093345,283.84089729888063,282.20399431837325,283.2406921386719,49080000
2019-12-05,283.9409017092727,283.9590796497863,282.44037516318184,283.7499084472656,40709000
2019-12-06,285.6596274218507,286.7418114894914,285.6505245759209,286.3416748046875,48927000
2019-12-09,285.9507272644938,286.6236720044926,285.3687000009152,285.44146728515625,34838500
2019-12-10,285.3868406884249,286.05068242852656,284.4683412640769,285.12310791015625,52649800
2019-12-11,285.577786637345,286.1870945138328,285.0412460235377,285.9324645996094,53429100
2019-12-12,285.9415602692312,289.17900987699994,285.7051360299545,288.3969421386719,96389600
2019-12-13,288.16046262508945,289.7973929659032,287.3874700546423,288.5697021484375,81503900
2019-12-16,290.2976161274645,291.1433483991358,288.506103515625,290.55224609375,82749700
2019-12-17,290.9341390505021,291.2342276828815,290.5340023722772,290.6158447265625,61097700
2019-12-18,291.0069502235654,291.2342994034276,290.57953265532115,290.63409423828125,48133000
2019-12-19,290.825006142969,291.8981151659742,290.5703762185872,291.8253479003906,85310500
2019-12-20,292.8580047434994,294.23795375085035,291.88018760229625,293.1047668457031,147142100
2019-12-23,293.8907083716504,293.945538202169,293.4063596093835,293.5525817871094,52990000
2019-12-24,293.7811174691085,293.8267997088896,293.26020606823545,293.5617980957031,20270000
2019-12-26,293.9455534880805,295.1335982854988,293.93643377520567,295.1244506835937,30911200
2019-12-27,295.8555386546152,295.9103684888994,294.52129953864886,295.05133056640625,42528800
2019-12-30,295.133546870198,295.2706214297429,292.9402423613774,293.4245910644531,49729100
2019-12-31,292.922019374624,294.3842133054212,292.5747451785438,294.137451171875,57077300
2020-01-02,295.6727822642302,296.90650931546975,294.7497669040605,296.8882141113281,59151200
2020-01-03,293.4978019068177,295.76420421374337,293.4429720669676,294.64013671875,77709700
2020-01-06,292.8854243272233,295.8463743777095,292.76661707449347,295.7641296386719,55653900
2020-01-07,295.19752718117184,295.67275622250656,294.4847115081981,294.9325256347656,40496400
2020-01-08,295.12438459091834,297.71976504897265,294.8776503960096,296.5043334960937,68296000
2020-01-09,298.06710630868724,298.58801761539866,297.4822175666189,298.514892578125,48473300
2020-01-10,299.09971858480566,299.2550604506268,297.18973874984056,297.6557922363281,53029300
2020-01-13,298.2772496807154,299.7120005705417,297.8477308070792,299.702880859375,47086800
2020-01-14,299.2641779536659,300.3151199538499,298.6884369921767,299.24591064453125,62832800
2020-01-15,299.15459569341715,300.68073912701385,299.07235094750735,299.9222412109375,72056600
2020-01-16,301.3021641332184,302.4170837402344,301.0736972292317,302.4170837402344,54050300
2020-01-17,303.12990101469194,303.56853962375646,302.3531079591049,303.3583679199219,95846000
2020-01-21,302.398801777143,303.56855126120206,302.3257046358388,302.76434326171875,77742400
2020-01-22,303.62343982713384,304.2723060684874,302.64562244176034,302.80096435546875,48914900
2020-01-23,302.1520504997015,303.55941441938006,301.0371309067921,303.1481628417969,51963000
2020-01-24,303.80617720247466,303.8884219479204,299.16371371777205,300.4522705078125,87578400
2020-01-27,295.20662007158137,297.1165998171226,294.86849355577584,295.6361389160156,84062500
2020-01-28,297.0617985757093,299.61149697791484,295.72755969424713,298.73419189453125,63834000
2020-01-29,300.0959346812447,300.32440164803546,298.28646626420965,298.4875183105469,53888900
2020-01-30,296.42206872649126,299.6663153017545,295.67271852206113,299.45611572265625,75491800
2020-01-31,298.8346566343361,298.99002637225726,293.10471775359696,294.0185852050781,113845600
2020-02-03,295.49912122993766,298.0670871911225,295.3803139687608,296.2027893066406,69083000
2020-02-04,299.81259553758144,301.5855011806518,299.4927362514343,300.7173156738281,62573200
2020-02-05,303.6507933581962,304.4001715229161,302.1886274326312,304.1899719238281,65951100
2020-02-06,305.1494625309535,305.40534428374525,304.135055229123,305.21343994140625,50359700
2020-02-07,304.15344652404104,305.222656086769,303.0385268441105,303.5868530273437,64139400
2020-02-10,302.7003838721832,305.9171878764204,302.66382135820703,305.85321044921875,42070000
2020-02-11,307.2057149525741,307.991627648604,305.8531809561454,306.3832397460937,54864500
2020-02-12,307.81806277084456,308.5674410211826,307.4525212476893,308.3572692871094,43992700
2020-02-13,306.9316676478002,308.9970180810693,306.6575184261432,308.0283203125,54501900
2020-02-14,308.4394227537769,308.6404747153644,307.24225858355834,308.52166748046875,64582200
2020-02-18,307.525724051116,308.5858142586572,306.3376789391472,307.7267761230469,57226200
2020-02-19,308.6953514933789,309.8742206443196,308.41205476200304,309.1979675292969,48814700
2020-02-20,308.6496086036421,309.4721116863874,304.9393086876562,307.9276733398437,74163400
2020-02-21,306.57521018265294,306.88592186587607,303.9341190417113,304.7566223144531,113788200
2020-02-24,295.307216805096,304.82970245486194,293.5708458942109,294.64923095703125,161088400
2020-02-25,296.0381814078154,296.6504568934058,284.84330675536586,285.7206115722656,218913200
2020-02-26,287.1189894242867,290.71048331893326,283.93874721059854,284.6698303222656,194773800
2020-02-27,279.14996516623097,284.72456262234533,271.8847351074219,271.8847351074219,284353500
2020-02-28,263.833624362164,272.23207101783856,260.9457989935452,270.7424621582031,384975800
2020-03-02,272.52443233830087,282.53129309523894,269.0974290501747,282.4673156738281,238703600
2020-03-03,282.8420313278847,286.8082134931983,271.93959720140725,274.3796081542969,300139100
2020-03-04,279.7531390923097,286.1319448399597,277.20344073550206,285.91259765625,176613400
2020-03-05,278.711411972993,281.9008016738092,274.16948788672306,276.408447265625,186366800
2020-03-06,267.9003733681207,273.04545418535724,265.2318946775306,271.8391418457031,228667200
2020-03-09,251.58774146183129,259.71203788804456,249.8971086973447,250.60992431640625,309417300
2020-03-10,260.12327944250404,263.6690622000133,249.9427812895364,263.57769775390625,276444100
2020-03-11,256.52270624187776,257.6558934054065,247.54851762564883,250.728759765625,255316300
2020-03-12,233.95009968243195,243.69193139870373,226.34671474938688,226.7396850585937,392220700
2020-03-13,240.4294279591931,248.0967906509404,227.1143840334552,246.12283325195312,329566100
2020-03-16,220.40656312966803,234.77256174758443,216.91559643304075,219.19113159179688,297240000
2020-03-17,223.9341049943912,234.1054695359692,216.65059323263955,231.0257263183593,262070500
2020-03-18,215.9012131690979,226.977283642767,208.3800869809405,219.3282165527344,327597100
2020-03-19,218.64284326233184,226.0725919909202,212.21835456333,219.7943115234375,289322000
2020-03-20,222.94361386702496,224.72694441324552,210.04665824854573,210.3224334716797,347158800
2020-03-23,209.761700043424,211.1313607703038,200.63362552870024,204.9448699951172,326025200
2020-03-24,215.4886054086695,224.38687102789407,214.91868012837568,223.5135803222656,235494500
2020-03-25,225.0946770230059,235.6475802643827,220.38816470935487,226.859619140625,299430300
2020-03-26,229.36913318338085,241.57664463189136,228.93708857476463,240.1058807373047,257632800
2020-03-27,232.8162667433577,239.74734053233647,230.77554977075565,232.9541473388672,224341200
2020-03-30,235.0500769906137,241.2365691016197,233.05532437908624,240.51956176757807,171369500
2020-03-31,239.5175449357564,242.06383359967347,235.52804049293425,236.9344787597656,194881100
2020-04-01,227.95348423990177,236.8517485119104,224.2029775493704,226.27127075195312,189554600
2020-04-02,225.38882134558207,232.2739310727584,224.83727084545976,231.4925842285156,177660400
2020-04-03,230.50898872250409,232.8622586960982,225.4163970895069,228.14654541015625,135561200
2020-04-06,237.0171961738574,245.43745065637108,228.1281336328922,243.4702606201172,188061200
2020-04-07,252.0651906394755,252.81897536266573,243.4978816291245,243.7184906005859,201427200
2020-04-08,246.319917218224,253.7106259149399,243.82878088383265,251.89971923828125,153774500
2020-04-09,255.1630636276637,258.49074168826115,253.22347737304003,255.73301696777344,189999200
2020-04-13,254.75854323137887,255.0986580184009,249.49128056839425,253.39805603027344,114839100
2020-04-14,258.2885153744186,261.89192674380104,253.260262690421,260.87158203125,134143400
2020-04-15,255.15380261017032,261.0093649327239,253.2141889690244,255.3284606933593,121775000
2020-04-16,256.60628411021946,257.4152211975013,253.490069709244,256.5603332519531,131798300
2020-04-17,262.3330800222529,264.098007563754,259.5937309187142,263.4913330078125,146684800
2020-04-20,259.786828884741,263.6292797051415,258.6286036617239,258.8492126464844,100109300
2020-04-21,254.38165721109937,255.5858610800973,250.0520104531112,250.9896545410156,126385700
2020-04-22,255.87090205979607,258.3068866614787,254.5471919266126,256.5603332519531,92951600
2020-04-23,257.83809583519155,261.0094909260674,256.2386242518092,256.5419616699219,104709700
2020-04-24,258.0586148072076,260.7887625327662,256.0086966523413,260.1177062988281,85063200
2020-04-27,262.09412629154366,264.98973134296574,261.6345055515394,263.8682556152344,77896600
2020-04-28,267.5175817476273,267.866897915382,262.3514503479287,262.6548156738281,105270000
2020-04-29,267.9864429070405,271.0659071925588,266.9568970325676,269.53076171875,118745600
2020-04-30,268.1519197995434,269.6319131452093,265.2838909183048,267.0212707519531,122901700
2020-05-01,262.2687486221893,267.1866954796315,258.78481603360234,259.9522705078125,125180000
2020-05-04,258.06781222922524,260.97261831344605,256.58784709475344,260.6692810058594,80873200
2020-05-05,263.4913981694902,265.8906050294555,260.7979992424974,263.0777282714844,79569900
2020-05-06,264.77827445640764,265.1643400964349,260.86229750373474,261.2943420410156,73632600
2020-05-07,264.51171080796263,266.3777697134358,263.9417856328459,264.4473571777344,75250400
2020-05-08,267.58198598128706,269.2917896381727,266.45130891700745,268.8229675292969,76452400
2020-05-11,266.892578270506,270.2570055839343,266.4697350281808,268.8781433105469,79514200
2020-05-12,270.0638833166879,270.47752502995445,263.38098175675503,263.5188903808594,95870800
2020-05-13,262.95820745768185,263.9969547866996,256.4315875392969,258.8583984375,144721100
2020-05-14,256.42247409481166,262.08497807386146,250.94377356421737,261.956298828125,121977900
2020-05-15,259.5662538142252,263.2064428035135,258.61943606022,263.1604919433594,111146300
2020-05-18,269.383737206358,272.7849423166049,269.0620250917087,271.17626953125,119703800
2020-05-19,270.57869857253786,272.288474028132,268.3725249301823,268.3908996582031,95189300
2020-05-20,271.9300337939139,273.81446769296434,271.7002234133943,272.95037841796875,85861700
2020-05-21,272.8217031855584,273.6306402253111,269.97204881480235,271.0659484863281,78293900
2020-05-22,270.7810442095197,271.75543820293,269.54006225850645,271.5807800292969,63958200
2020-05-26,277.54650948578575,277.7855211925788,271.5990173560349,274.9266662597656,88951400
2020-05-27,277.72120027669484,279.0541114942936,272.8951830483843,279.017333984375,104817400
2020-05-28,280.04694364391133,282.06008496206584,277.8315680546583,278.50262451171875,90405200
2020-05-29,278.03375713092686,280.3318607230198,275.28523421175083,279.7435607910156,119090800
2020-06-01,279.100077323199,281.48090925059915,278.58530436878937,280.87420654296875,55758300
2020-06-02,281.79348222342395,283.24589956300736,280.46059882527766,283.1999206542969,74267200
2020-06-03,285.1854499138464,287.92479945173847,284.9096887083299,286.9687805175781,92567600
2020-06-04,285.9851859818692,287.7225657388418,284.119127013096,286.2149963378906,75794400
2020-06-05,291.6110119068838,295.324727633124,291.5466582645759,293.55059814453125,150524700
2020-06-08,294.3594665924078,297.291848746868,293.8171175615824,297.09881591796875,73641200
2020-06-09,294.43303648292283,297.17238620785696,293.5689472426089,294.88348388671875,77479200
2020-06-10,295.46261387215606,296.3542792450485,292.52102986489626,293.238037109375,95000800
2020-06-11,286.306935800571,286.94121464894255,275.7816379696527,276.3331604003906,209243600
2020-06-12,283.34706011659046,284.119219798626,274.48558448206074,279.6425170898437,194678900
2020-06-15,273.9523032994072,283.38372874328377,272.7756754665918,282.2530517578125,135782700
2020-06-16,290.00235890733364,290.14944093418046,282.8230840367275,287.68585205078125,137627500
2020-06-17,288.70622038220927,289.0003844313553,285.7554346036974,286.4908447265625,83398900
2020-06-18,284.9740270872474,287.07906963373426,284.51440640064004,286.60107421875,80828700
2020-06-19,290.0689696801593,290.26285198086515,283.0150463816413,284.96319580078125,135549600
2020-06-22,284.3630116638021,287.1882662143913,283.2181453737897,286.791259765625,74649400
2020-06-23,289.44113788217754,290.37366646344435,287.7053543820457,288.1116027832031,68471200
2020-06-24,286.0710425692112,286.6896568284185,278.9248151550832,280.7621459960937,132813500
2020-06-25,280.18976894126644,284.0398862316049,278.16776915357684,283.7721252441406,89468000
2020-06-26,282.67346196626374,282.8858280526824,276.4505185694108,277.0321655273437,127961000
2020-06-29,278.2878382488589,281.24233868339707,275.9980771665016,281.1038513183594,79773300
2020-06-30,280.6699229107989,286.4035537681701,280.5129799461542,284.7046813964844,113394800
2020-07-01,285.8218995785466,287.9639317029631,285.3602561815504,286.6990051269531,72396500
2020-07-02,290.13349638219006,291.48151475313523,287.6129426555215,288.2777099609375,69344200
2020-07-06,292.1001687186121,293.30967187564966,291.35230884827496,292.7279968261719,61713800
2020-07-07,291.1861571430053,293.16197598302176,289.3303419029436,289.7088928222656,82910000
2020-07-08,290.4751465955823,292.0355030043778,288.7116942101427,291.9247131347656,54638600
2020-07-09,292.53415581966215,292.7742193790963,286.8467063436829,290.26287841796875,83354200
2020-07-10,290.1982140439162,293.49435402565143,288.767131059591,293.2265930175781,57550400
2020-07-13,295.5716931672863,297.9537597898529,290.0319745156313,290.6875,102997500
2020-07-14,289.2657551792314,295.2302084419288,288.0654935599894,294.45465087890625,93657000
2020-07-15,297.6768588380392,298.2585339487308,294.777725167758,297.1598205566406,87196500
2020-07-16,295.2578047865102,296.63349268794474,294.61149295046425,296.1810913085937,54622500
2020-07-17,297.1875241733961,297.82459424337384,295.21167713283364,297.039794921875,62774900
2020-07-20,296.77205639224417,300.18822867354294,296.024196371045,299.4403686523437,56308800
2020-07-21,301.40695821426857,301.8501178028075,299.08949955212785,300.0774230957031,57292200
2020-07-22,299.71733865104954,302.099434231955,299.6065487498866,301.7854919433594,57792900
2020-07-23,301.42546886593584,302.1271759112681,296.81827635082294,298.1847229003906,75738000
2020-07-24,296.32888854271727,297.28908645899844,294.75928982435465,296.2642517089844,73766600
2020-07-27,296.95666037009426,298.6001093174505,296.1626192778823,298.4246826171875,48293000
2020-07-28,297.6953044277068,298.81250154862204,296.2365239348657,296.531982421875,57495000
2020-07-29,297.4090950917843,300.74217459378013,297.37215573588736,300.178955078125,48454200
2020-07-30,297.2059420708996,299.5234003844888,295.11933357691976,299.10791015625,61861700
2020-07-31,300.8991853011738,301.57319485981407,296.67975754287016,301.4716186523437,84986800
2020-08-03,303.1334979689309,304.33375941571626,302.5887621937607,303.56744384765625,53077900
2020-08-04,302.7088089568506,304.74005126953125,302.7088089568506,304.74005126953125,41917900
2020-08-05,306.0418321331255,306.8912682630136,305.7740711107244,306.6327209472656,42697700
2020-08-06,306.0510592360944,308.8024353334043,305.7279032834886,308.6824035644531,43679400
2020-08-07,307.71294414525704,309.19020827921787,306.8081131712944,308.90399169921875,57308300
2020-08-10,309.35638535667545,310.0119109096436,307.41747799040013,309.8272705078125,44282100
2020-08-11,311.0091339906926,311.6462040748988,306.5404296941491,307.2698059082031,69601100
2020-08-12,309.7072598051472,312.32939037175544,309.67956233416606,311.5538330078125,53774400
2020-08-13,310.78744591739394,312.30164925667594,310.06728359605586,310.9905700683594,41816100
2020-08-14,310.6028104674803,311.53533883580377,309.873406253352,310.99981689453125,47260400
2020-08-17,312.0154904409857,312.3847994629521,311.0091113811264,311.98779296875,35481000
2020-08-18,312.3847708082208,313.0864776091208,310.7874749185557,312.6617736816406,38733900
2020-08-19,313.04031505654325,313.5573533060185,310.7967353479484,311.3599548339844,68054200
2020-08-20,309.6333973234677,312.8095056526026,309.5041518442734,312.32940673828125,42207800
2020-08-21,311.9970225596553,313.658927181265,311.6553828469121,313.4373474121094,55106600
2020-08-24,315.874909482869,316.6874064624965,313.40974924054666,316.6135559082031,48588700
2020-08-25,317.17663880879144,317.8044669230327,316.0132886974553,317.72137451171875,38463400
2020-08-26,318.3123353958914,321.17450165786835,317.76759961775787,320.9067687988281,50790200
2020-08-27,321.7746725008695,323.0580264245903,319.9465546023267,321.60845947265625,58034100
2020-08-28,322.63331982174736,323.8151257187456,321.4422720409016,323.68585205078125,48588900
2020-08-31,323.4735012045628,324.35060666428654,322.28245347132435,322.5132751464844,66099200
2020-09-01,323.3442345333608,325.6524513348711,322.4486452873158,325.5509033203125,54908700
2020-09-02,327.46208615275333,331.22908325949226,326.31719155514446,330.2596435546875,69540000
2020-09-03,328.5699763174422,329.0408614690771,316.3087321994255,318.8939514160156,148011100
2020-09-04,319.5772736024122,321.1468443007785,309.18105492482806,316.2903747558594,139156300
2020-09-08,310.8798801569295,316.35499211221384,307.343704228668,307.6483764648437,114465300
2020-09-09,311.65542088332745,316.18876205705584,310.78752911291656,313.7236022949219,91462300
2020-09-10,315.59790272492,316.2534284676327,307.3160189497297,308.2762451171875,90569500
2020-09-11,310.05809882812946,311.11987273507737,305.6078508539459,308.43310546875,84680200
2020-09-14,311.5999553914097,314.26826693128163,308.58081864580447,312.4955444335937,65605700
2020-09-15,314.9515377853473,315.78249013570075,312.504833796234,314.0744323730469,52920900
2020-09-16,315.3116771386732,316.74276037655795,312.55103050748136,312.8280334472656,82096000
2020-09-17,307.9715369017324,311.79395770580686,307.4452566733784,310.0766296386719,91523300
2020-09-18,310.8821336756627,310.99336705552685,304.0224684545028,306.5067749023437,105877900
2020-09-21,301.91817103397455,303.2437490415965,298.2380498714508,303.0954284667969,99450800
2020-09-22,304.57868073084774,306.7385377490843,302.06653750783966,306.1823425292969,63612100
2020-09-23,306.7384904056228,307.01660211722344,298.58105607201094,299.0816345214844,93112200
2020-09-24,297.7652655958646,302.93781455731744,296.4489382381279,299.8787841796875,76681300
2020-09-25,299.0259943751535,305.5148717009548,298.1546568746652,304.7269592285156,71069400
2020-09-28,308.8891253586317,310.5020659374077,307.8972472441894,309.7882995605469,64584600
2020-09-29,309.58440474277614,310.3259795662108,307.4059898011958,308.1012268066406,51304000
2020-09-30,308.76854858003315,313.58886813155385,308.5738902068861,310.4371337890625,104081100
2020-10-01,313.03276987437926,314.0060903303923,310.54846318932005,312.43023681640625,88698700
2020-10-02,307.48016945972887,312.4024452784228,307.0073992354619,309.4638977050781,89431100
2020-10-05,311.5218127530587,315.1370397279588,311.47547493244844,314.95166015625,45713100
2020-10-06,315.0906262164625,317.18561572731545,309.9644141027496,310.4742431640625,90128900
2020-10-07,313.43135342172144,316.6850714131168,313.4035450751824,315.87860107421875,56999600
2020-10-08,317.81595262377294,318.7429351145588,316.8982207211978,318.67803955078125,45242500
2020-10-09,320.32801907426403,321.9873254041977,319.7069567408336,321.5238342285156,59528600
2020-10-12,324.06378442537806,328.17030980233085,323.5724848688719,326.6964111328125,80388500
2020-10-13,326.55746024664927,326.73358922053734,323.600383208339,324.564453125,73255500
2020-10-14,325.1390911694356,326.2329236603553,321.7926981363864,322.5249938964844,57727900
2020-10-15,318.61313237555913,322.608424502102,318.0754949977716,322.1264038085937,60357700
2020-10-16,323.4797769752981,325.13908342610574,321.7556032550044,321.9317321777344,89501900
2020-10-19,323.1924415429291,323.82278285072874,316.1381183278607,317.03729248046875,68425600
2020-10-20,318.381366603576,321.55165885307974,317.6212625367953,318.3072204589844,60051900
2020-10-21,318.26084819327986,320.430011857811,317.39876136898965,317.7046813964844,63575000
2020-10-22,317.9179331532719,320.0314522737697,315.7766056873438,319.44744873046875,55399300
2020-10-23,320.6710851896819,320.7267018827422,318.0755452159894,320.53204345703125,49143900
2020-10-26,317.14847359309897,317.9364142426399,311.11380948653715,314.6085510253906,91473000
2020-10-27,314.95170090858187,315.28540115439654,313.3109231655121,313.5241394042969,65994100
2020-10-28,307.8508925089764,313.5518292002192,302.3168058775529,302.80810546875,127094300
2020-10-29,303.0398986890324,309.0560069790393,301.3527834922928,305.8857421875,90597700
2020-10-30,304.3098093695453,305.61685806950385,299.0445556385391,302.6968688964844,120287300
2020-11-02,306.089599609375,308.0918566976093,303.34571133877967,306.089599609375,86068300
2020-11-03,309.324791356006,313.55182927466103,306.1730565274314,311.4939270019531,93294200
2020-11-04,315.9712924400372,322.5343454427772,314.79403465889675,318.45562744140625,126959700
2020-11-05,323.7393687910326,326.4739785623512,323.3871109043666,324.6663513183594,82039700
2020-11-06,324.3790079432216,325.8436562639265,322.26548878904805,324.5922241210937,74973000
2020-11-09,337.393744117373,337.77381024973823,328.2073462588624,328.6708374023437,172304200
2020-11-10,327.67907691220296,329.245679801332,324.91668681292754,328.1889343261719,85552000
2020-11-11,330.3766191804443,331.4519224764257,329.13446579265536,330.6269226074219,58649000
2020-11-12,329.6164079973696,330.67318157201504,325.6118653025927,327.4194641113281,67546200
2020-11-13,329.3291377328836,332.69408950193605,328.8100296775812,331.9525146484375,62892200
2020-11-16,334.6222008625587,336.29075828534565,333.3336814245421,336.0960998535156,74541100
2020-11-17,333.68591913167813,335.49354647121936,332.1749330059845,334.2884521484375,66111000
2020-11-18,334.55725327164475,335.1041695450707,330.2282326036911,330.26531982421875,70591300
2020-11-19,329.63497720915376,332.02657957234703,328.29084129066734,331.6557922363281,59940900
2020-11-20,331.3962385127505,331.600175791098,329.3105279207122,329.3846740722656,70417300
2020-11-23,331.1923113139346,332.6198723058136,328.9582800615384,331.3591613769531,63230600
2020-11-24,333.9083515604822,337.2454941499389,333.05554351994675,336.6985778808594,62415900
2020-11-25,336.61518733680583,336.64299568251425,335.0856717443146,336.17950439453125,45330900
2020-11-27,337.2732938319882,337.5884644727242,336.1052868833564,337.11572265625,28514100
2020-11-30,336.3369962113714,336.60582901594785,332.9442656786078,335.62322998046875,83872700
2020-12-01,338.8770337417267,340.8329534365879,338.2837513026085,339.2941589355469,74231400
2020-12-02,338.1818081843012,340.16553629221875,337.6070834828416,340.0079650878906,45927000
2020-12-03,339.9059738069598,341.3057265889356,338.81214112571735,339.9152526855469,62882000
2020-12-04,340.49927845197374,342.84454345703125,340.4065745278507,342.84454345703125,50749900
2020-12-07,342.0750580514984,342.6312531867265,340.8699921662204,342.13995361328125,48944300
2020-12-08,340.8700252302088,343.7065895768302,340.8236874183033,343.1411437988281,42458900
2020-12-09,343.79933766667483,343.9569088788108,339.22931988647474,340.0635986328125,74098300
2020-12-10,338.6915597157027,340.9997368715385,337.8201939843313,339.9522705078125,57735400
2020-12-11,338.2558801692447,339.9615244312118,336.73564370740246,339.5536499023437,57698600
2020-12-14,341.7229095602371,342.7981845770824,337.85737932801413,338.03350830078125,69216200
2020-12-15,340.5733910132798,342.6034851074219,339.2014749129828,342.6034851074219,63865300
2020-12-16,342.8166942477022,344.058847472952,341.93604950739774,343.1411437988281,58420500
2020-12-17,344.7819445843925,345.263965399899,343.95691641000235,345.0600280761719,64119500
2020-12-18,345.3486003375375,345.51616164558806,341.67139953282106,343.6822204589844,136542300
2020-12-21,339.7630149194955,352.3213066638467,337.0260664305187,342.4533996582031,96386700
2020-12-22,342.7791360979551,342.8908436114936,340.74970717574905,341.8761291503906,47949000
2020-12-23,342.84436581711367,344.0918139440392,341.8575780688017,342.18341064453125,46201400
2020-12-24,342.6581462095984,343.542544801245,342.0716817018129,343.5146179199219,26457900
2020-12-28,346.06534457269254,346.8566440369137,345.4416347950201,346.4656677246094,39000400
2020-12-29,347.99247990906485,348.1693596640355,345.2182860136059,345.8047790527344,53680500
2020-12-30,346.6238977069387,347.33141650655006,345.9070888877533,346.2980651855469,49455300
2020-12-31,346.10255901803885,348.7836528455677,345.5905568038257,348.0575256347656,78520700
2021-01-04,349.3887390250607,349.5190833851386,339.623253202101,343.3190612792969,110210800
2021-01-05,342.67681712955124,346.7729211198693,342.63025338281886,345.6837158203125,66426200
2021-01-06,344.17558324644114,350.9434912559952,343.62633562425066,347.7503662109375,107997700
2021-01-07,350.1242211986964,353.6617584095082,349.9473414971712,352.9170227050781,68766800
2021-01-08,354.3041182519428,355.1419530531573,351.05516813608017,354.9278564453125,71677200
2021-01-11,351.7533583363595,354.294789546003,351.6323323911676,352.53533935546875,51034700
2021-01-12,352.72153817176564,353.6245167279708,350.3662482704432,352.6098022460937,52547700
2021-01-13,352.53538468344925,354.5554954734266,351.7534035637951,353.5594177246094,45303600
2021-01-14,354.3041217359534,354.8068339855644,351.9861054675014,352.3212280273437,49989100
2021-01-15,350.70140387922305,351.50199335982205,347.88999385755534,349.7518615722656,107160000
2021-01-19,352.2095816653885,353.0381265986138,350.72939994936974,352.4981689453125,51233300
2021-01-20,354.7882881339236,358.2141472802293,354.39731171381646,357.3763122558594,61836100
2021-01-21,357.93475983810305,358.36300987967786,356.7804109135132,357.7020263671875,47840100
2021-01-22,355.8495116892653,357.5996721065897,355.4678253506062,356.4360046386719,52860500
2021-01-25,357.1714317593944,358.1954363497445,352.3212455515999,357.8417053222656,70402000
2021-01-26,358.79125051568155,359.2008637189769,357.0504086066009,357.2831420898437,42665300
2021-01-27,353.95965704196203,354.0527561056327,346.3166983590229,348.5509338378906,123351100
2021-01-28,350.36627971281166,355.55158851320573,349.9287680398475,351.548583984375,94198100
2021-01-29,349.68676378038657,350.65494315277493,342.83507435942295,344.5107727050781,126765100
2021-02-01,347.90861660624154,351.2785927627981,344.7993008040637,350.2452697753906,75817600
2021-02-02,353.42907659511883,356.75251769171075,350.32907897038325,355.1978454589844,64450700
2021-02-03,356.026389967423,357.19937586145977,354.2017673399159,355.4771423339844,52427100
2021-02-04,356.5104075201895,359.56386931140645,355.5887921301405,359.517333984375,47142600
2021-02-05,361.38864164328993,361.6399836315469,359.470919602901,360.9324645996094,48669800
2021-02-08,362.38465454642807,363.5855673167599,361.5282112076279,363.5390319824219,38365200
2021-02-09,362.7010942651418,363.8927167700144,362.2915095413972,363.2969055175781,35551100
2021-02-10,365.0378156036463,365.18676844469576,360.7369053040488,363.1387023925781,59154400
2021-02-11,364.2186747342793,364.63760647374943,361.2955562203893,363.7252807617187,42913300
2021-02-12,362.9245980037026,365.7639351240039,362.8501073798465,365.52191162109375,50593300
2021-02-16,366.7507370926893,366.9462536805359,364.4885743748941,365.2053833007813,50972400
2021-02-17,363.45518283226,365.5404654309399,362.4404400003846,365.28912353515625,52290600
2021-02-18,362.68259806906747,364.47929399166895,360.9603643711448,363.7345581054687,59712800
2021-02-19,364.99130695342166,365.2798942259746,362.645335047699,363.0921936035156,83241000
2021-02-22,360.3273043244353,362.7104930424211,360.0293986322245,360.2993774414063,67414200
2021-02-23,358.0931195208887,362.08683482270567,353.9411613292896,360.7369689941406,107284100
2021-02-24,359.6477223454717,365.1402557134538,358.6609345710552,364.7120056152344,72433900
2021-02-25,363.4459121163381,364.81438610383606,354.4810139951626,355.9239501953125,146670500
2021-02-26,357.8044726689712,358.9495032557424,352.1071613879296,354.09002685546875,152701600
2021-03-01,358.95880058810565,363.9206942053037,354.28552261817083,362.6732177734375,105348800
2021-03-02,362.8966627648503,363.1293962418053,359.34048841861335,359.8432006835937,79595300
2021-03-03,359.1450201183431,360.1131709809373,354.97442575307235,355.07684326171875,119940200
2021-03-04,354.8906729265356,357.47866839991167,346.1957524741158,350.682861328125,183433000
2021-03-05,354.1830219555412,358.18605384824804,346.90314212795295,357.13409423828125,152039600
2021-03-08,358.0930884659382,360.9044990174468,355.07687129081967,355.35614013671875,123149200
2021-03-09,359.2009087711451,362.9804987402697,358.698196429531,360.42974853515625,113633600
2021-03-10,362.7756352759854,364.3675242968636,361.36062596963234,362.6732177734375,109899400
2021-03-11,365.14023058798864,368.3240087626398,364.6840536373491,366.3504333496094,86245000
2021-03-12,364.9912920253696,366.9834759676375,364.1813840090815,366.8438415527344,64653600
2021-03-15,367.0951965209388,369.2922155627964,364.95405965687513,369.0315551757813,73427200
2021-03-16,369.645957368341,370.353447865086,367.7933794539433,368.5660705566406,73722500
2021-03-17,367.2813248264547,370.6233738852898,366.1362659817345,369.8227844238281,97959300
2021-03-18,367.2348490775415,369.3201321153287,363.7624550817168,364.4420471191406,115349100
2021-03-19,364.14131823450606,365.7197518785145,361.5915342319768,363.7677307128906,113624500
2021-03-22,364.2813388885478,368.0546376770292,364.2253021963882,366.6723327636719,73778600
2021-03-23,366.0372793939017,367.4849416365864,363.0018346568089,363.786376953125,90686600
2021-03-24,365.1874053560903,366.82187584042055,361.89044603352863,361.9371337890625,97588600
2021-03-25,360.4987572580339,364.76703777153006,358.556056717537,363.9731750488281,116128600
2021-03-26,365.1219613549917,370.2401983720078,364.5242270663124,369.8385925292969,114409100
2021-03-29,368.362862908593,370.5577285007331,366.87783346614,369.6517639160156,108107600
2021-03-30,368.3816101105084,369.3436115196959,367.0740110275809,368.671142578125,76262200
2021-03-31,369.2408322683644,371.7252304449524,369.2128139187483,370.16546630859375,112734200
2021-04-01,372.09886915365325,374.2190290770349,371.893391727222,374.1629638671875,99682900
2021-04-05,376.8248104457492,380.07508186806007,376.7501043396407,379.5333557128906,91684800
2021-04-06,378.9729533834397,380.3552299895448,378.63670467999566,379.3091735839844,62021000
2021-04-07,379.1410247193097,380.0936770263506,378.68338221439245,379.74810791015625,55836300
2021-04-08,380.9996736719565,381.6067569139239,380.0656906834226,381.55072021484375,57863100
2021-04-09,381.4293518580536,384.4928151250471,381.3079295009663,384.3246765136719,61104600
2021-04-12,383.7268672327447,384.7355561894743,383.11978406878455,384.4647216796875,56704900
2021-04-13,384.3620022296351,386.2299681294225,383.979065799831,385.6041870117187,56551000
2021-04-14,385.5761649966313,386.6315702804382,383.7455664130594,384.2872924804687,61659900
2021-04-15,386.4261388821726,388.6863904096903,386.3794511307246,388.41552734375,60229800
2021-04-16,389.7044266833597,390.3208589152381,388.2847827117887,389.7137756347656,82037300
2021-04-19,388.77980210912494,389.22809574117946,386.4728627845068,387.7991027832031,78498500
2021-04-20,386.5848990980943,387.68699217501296,383.4840687603821,384.9597778320313,81851800
2021-04-21,384.343365110484,388.80780284580254,384.2032448539139,388.6023254394531,66793000
2021-04-22,388.4342040276747,389.26543407718646,383.9884358212958,385.05316162109375,97582800
2021-04-23,385.61357852432894,390.6384119098377,385.5388724213667,389.2280883789063,73209200
2021-04-26,389.88185775138544,390.61036333623,389.293443913069,390.0406188964844,52182400
2021-04-27,390.33944884314224,390.535605765326,388.8170522247635,389.9565124511719,51303100
2021-04-28,390.22741885643023,391.3482098113674,389.37749094113417,389.844482421875,51238900
2021-04-29,392.5716715620224,392.9452589949812,388.9478136062445,392.3288269042969,78544300
2021-04-30,390.0593595294179,390.9092875553303,388.8545133714871,389.7511291503906,85527000
2021-05-03,391.7404555728437,392.12339199652814,390.0966649892705,390.5916748046875,68128300
2021-05-04,388.602249482538,389.0972592506833,384.4927306617044,388.1819458007813,101591200
2021-05-05,389.8257718711052,390.0592675868263,387.742979825831,388.3033752441406,60162200
2021-05-06,388.3780814635263,391.53494810160834,386.37002400822354,391.4042053222656,74321400
2021-05-07,392.1701353229904,394.90669867070073,391.4883174723437,394.2528991699219,67733800
2021-05-10,394.60777566622943,394.8319224415391,390.2273935803773,390.3488159179687,81852400
2021-05-11,385.8284047975115,387.8551320603856,382.9890883362958,386.8651123046875,116888000
2021-05-12,384.0818451111226,385.35204832878026,377.3291376588085,378.6460571289063,134811000
2021-05-13,380.1964417898234,385.1278705672436,380.14972554113865,383.1945190429687,106394000
2021-05-14,385.9311255020592,389.9285717889335,385.90310715086446,389.0786437988281,82201600
2021-05-17,387.9671986859142,388.9011816537385,386.0711858984487,388.0885925292969,65129200
2021-05-18,388.3501253478743,388.5929700521469,384.5861749461466,384.7449645996094,59810200
2021-05-19,380.0563395991648,383.9136650884359,378.5712816845553,383.7362060546875,106467100
2021-05-20,384.6142304929748,389.1253848430136,384.4928366319979,387.864501953125,78022200
2021-05-21,389.3495471729859,390.5917607113276,387.0893239348735,387.5469665527344,76578700
2021-05-24,389.7884757512618,392.5717554519268,389.545631041642,391.4976806640625,51376700
2021-05-25,392.5810799776849,392.9359980945385,390.0499939116139,390.6290588378906,57451400
2021-05-26,391.2173973484674,391.9085355463097,390.1806900517041,391.4042053222656,43088600
2021-05-27,392.4316202322079,392.9452994425397,391.3294987126263,391.6097106933594,56707700
2021-05-28,393.178808495256,393.4403225843951,392.07671544123446,392.3102111816406,58520200
2021-06-01,394.67317493272026,394.81326667212426,391.5256570082224,391.9646301269531,54216600
2021-06-02,392.6184219876301,393.4216621744855,391.60973290730567,392.5810546875,49097100
2021-06-03,390.26480554943856,392.2635143648258,388.7984453863478,391.1240539550781,58138800
2021-06-04,392.9733282256469,395.0000837788047,391.1894173616605,394.7012023925781,55938800
2021-06-07,394.6918553053635,394.8693143478423,393.3842848630719,394.3182678222656,51555000
2021-06-08,395.1775371058986,395.2709411073429,392.57174503387,394.40234375,47134300
2021-06-09,395.2429272053632,395.31766180851946,393.58978752250255,393.8139343261719,48436300
2021-06-10,395.0374175201594,396.59718157596666,393.72049815041606,395.6445007324219,51020100
2021-06-11,396.1956153911513,396.4104132476395,394.9067142406208,396.29833984375,45570800
2021-06-14,396.4103556235315,397.2883018302443,395.1681709071251,397.1855773925781,42358500
2021-06-15,397.33503853707737,397.3723773329353,395.5791460332352,396.45709228515625,51508500
2021-06-16,396.59721625461583,396.8213630595682,392.1981641900248,394.2435607910156,80386100
2021-06-17,393.8325789844645,395.0934330875437,391.63771348560346,394.1127624511719,90949700
2021-06-18,390.82947003654994,391.5228695274807,388.589962401601,388.7961120605469,118676300
2021-06-21,390.5576558078238,394.5494491775668,389.74243684552914,394.3620300292969,72822000
2021-06-22,394.352710107166,397.3043760496256,393.63117206610633,396.4703979492187,57700300
2021-06-23,396.5453114225934,397.3511507786434,395.9081321276498,395.9924621582031,49445400
2021-06-24,398.13831292432985,398.756733186704,397.88529422084855,398.3350830078125,45110300
2021-06-25,399.0846497063208,400.1997276924306,398.75668054638095,399.74993896484375,58129500
2021-06-28,400.274777553691,400.72453776466034,399.07536933086,400.5558776855469,53159600
2021-06-29,400.9400528954754,401.57723223614346,400.237273994288,400.7713928222656,35970500
2021-06-30,400.3122456149289,401.78340305544015,400.2841356012442,401.1087341308594,64827900
2021-07-01,401.8677508401516,403.4888379572731,401.8021512732748,403.32952880859375,53441000
2021-07-02,404.4914967088667,406.7684938220398,403.4138793575893,406.4124145507813,57697700
2021-07-06,406.4685771019908,406.68410626099694,402.9359520976346,405.6720886230469,68710400
2021-07-07,406.3561240379976,407.3868721191397,404.34149695894274,407.1057434082031,63549500
2021-07-08,401.7833591762361,404.54763413665,400.60268153812575,403.7886352539063,97595200
2021-07-09,405.2972933549247,408.3988887478352,403.59187628680496,408.0990295410156,76238600
2021-07-12,408.01468314938586,409.8138097220538,407.583653429449,409.560791015625,52889600
2021-07-13,408.7737117077264,410.2729791942714,407.90227266855015,408.1646423339844,52911300
2021-07-14,409.8606497735151,410.3479281135863,407.5274329705168,408.773681640625,64130400
2021-07-15,407.4337224657248,408.10839135369446,405.4753153622365,407.3775024414063,55126400
2021-07-16,408.5582032401322,408.6050437309966,403.7886802665075,404.1822204589844,75874700
2021-07-19,399.35644496226297,404.247787129505,395.40214130525,398.2132568359375,147987000
2021-07-20,398.87858854389634,405.1942482191287,398.0821000063619,403.91986083984375,99608200
2021-07-21,405.1192771499837,407.3307031828911,403.8730283565818,407.1901245117187,64724400
2021-07-22,407.3681167667281,408.2864248103382,406.3842377598322,408.0427856445313,47878500
2021-07-23,409.97304653950414,412.5780122497424,409.2890267822298,412.2406921386719,63766600
2021-07-26,411.65041860813767,413.2621261186514,411.60357811733337,413.2527465820313,43719200
2021-07-27,412.21265274876606,412.2407627628377,408.5394488652319,411.3693237304687,67397100
2021-07-28,411.9971110612924,412.57807039855686,409.7763342286504,411.20062255859375,52472400
2021-07-29,412.1282460330738,413.98356380892966,412.1188664980787,412.9059753417969,47435300
2021-07-30,410.3385280234811,412.3531550549832,410.2073289089117,410.9007568359375,68951200
2021-08-02,412.6155830148607,413.1684323698136,409.68264755521176,410.0387268066406,58783300
2021-08-03,410.83517582420905,413.4963618207431,408.6425090931806,413.3745422363281,58053900
2021-08-04,412.09086705960937,413.3464954516936,411.1069878900075,411.34124755859375,46732200
2021-08-05,412.5031195904007,414.0304970317783,412.1845299087863,413.9461669921875,38969700
2021-08-06,414.2647883063957,415.0518973321597,413.98365955681214,414.6302185058594,46930000
2021-08-09,414.602026269566,414.9206159123269,413.5244377669037,414.2928161621094,41222600
2021-08-10,414.7426279760499,415.52038600343246,414.0586081210977,414.8082275390625,43339300
2021-08-11,415.8764788087786,415.9326988371535,414.75202104898426,415.8389892578125,44034300
2021-08-12,415.6891180697549,417.2258753177017,414.7895688931888,417.0852966308594,38909400
2021-08-13,417.53496905425794,417.8629382384884,417.0477193437249,417.8442077636719,39470300
2021-08-16,416.5416879310771,418.95923447372246,414.9862007214723,418.82806396484375,73740000
2021-08-17,416.2700321700211,416.94470112800127,413.0934860818038,416.0826416015625,92673900
2021-08-18,415.0705996443618,416.6354666486862,411.2849843863083,411.5285949707031,89351900
2021-08-19,408.8017459141539,413.3651470929513,408.6611958687614,412.1657104492187,92812200
2021-08-20,412.5124973678688,415.7733732693985,412.0252190130029,415.4454040527344,72008700
2021-08-23,417.1321276721808,420.00884318252696,415.5204200549457,419.0999145507813,54973000
2021-08-24,419.7651672363281,420.2992860816183,419.2498074638783,419.7651672363281,38744700
2021-08-25,419.9525357546496,421.1612947689073,419.5776974968097,420.64593505859375,40529700
2021-08-26,420.3648288832704,420.599088508897,418.06910170981706,418.1628112792969,57829600
2021-08-27,418.9687063675384,422.2764515773078,418.9124863376052,421.9016418457031,77235100
2021-08-30,422.576219407114,424.5440058176366,422.3325802659974,423.75689697265625,48357400
2021-08-31,423.66320814660753,424.0005282697617,422.5293996044798,423.1290893554687,59300200
2021-09-01,424.0661623524176,424.5815221145776,423.11974426960506,423.35400390625,48721400
2021-09-02,424.7783137250353,425.4623335511139,423.4570859648218,424.656494140625,42501000
2021-09-03,423.5226862527916,425.068794112329,423.1197379507082,424.5534057617187,47170500
2021-09-07,424.20669853552585,424.3004081063472,422.3607315153163,423.035400390625,51671500
2021-09-08,422.5013195727054,423.2322084875442,420.599103890751,422.5200500488281,56181900
2021-09-09,422.3232551840981,424.0755125696742,420.467908695529,420.7115478515625,57970400
2021-09-10,422.64186111668704,423.0635112920505,417.27262011455633,417.3944396972656,89948200
2021-09-13,420.3929721292917,420.65534176904265,416.1481602138,418.462646484375,83738600
2021-09-14,419.9056916877061,420.1118413033405,415.3142087170996,416.2044067382813,78197100
2021-09-15,416.62603163088704,420.177415368143,415.5203331214561,419.6807861328125,78792200
2021-09-16,419.1561445636368,420.1306441908273,416.063899796155,419.0155944824219,77786700
2021-09-17,418.24282930799984,418.6658303177403,414.5766484303606,414.9338684082031,118425000
2021-09-20,408.8047671995821,410.3840281612463,403.1457057219849,408.01513671875,166445500
2021-09-21,410.3559338587685,411.65319451439296,407.103401321114,407.62982177734375,92526100
2021-09-22,409.9046994331068,413.64607141513255,407.7426174898221,411.6061706542969,102350100
2021-09-23,413.4768855110459,418.21469841814167,413.24187534861926,416.6072082519531,76396000
2021-09-24,414.9715250823522,418.0078665503125,414.7553054165893,417.2934265136719,62094800
2021-09-27,416.2593696919336,417.4250108387706,415.40392931593607,416.0995788574219,61371100
2021-09-28,413.32642918282806,413.655449110857,406.98115550934745,407.7143859863281,130436300
2021-09-29,409.0962250337873,410.8353056858977,407.8365742138815,408.4006042480469,82329200
2021-09-30,409.8764511666684,410.58148154628566,403.07056708218,403.4089965820313,140506000
2021-10-01,405.1386734490561,409.8858665977476,401.61352150069314,408.20318603515625,129240100
2021-10-04,407.0375892196289,407.9400201839394,400.79570572105376,402.9390258789063,128570000
2021-10-05,404.44312138082006,409.3783352973428,403.6441096969299,407.1316528320313,90682500
2021-10-06,403.5312059070278,409.0304489893108,401.90495407806975,408.8236389160156,113032200
2021-10-07,412.1043841974191,415.1970969045478,411.9257742006231,412.3581848144531,72437500
2021-10-08,413.1290605510576,413.51448064643256,410.976359506261,411.6061706542969,74557400
2021-10-11,410.9481526531211,413.8622842543227,408.5604414935577,408.6262512207031,65233300
2021-10-12,409.5475229098595,409.9517335045939,406.8307916592311,407.6204223632813,71181200
2021-10-13,408.645002322282,409.90465316392994,405.6650899688843,409.0868225097656,72974000
2021-10-14,412.7530051375808,416.1183664782615,412.2829848477017,415.9679565429687,70236800
2021-10-15,418.0830539008593,419.5025243769304,417.4626236667043,419.1358947753906,66260200
2021-10-18,417.34980775714325,420.715140332768,416.6917678913216,420.3767395019531,62213200
2021-10-19,422.0030022074686,423.6856540804755,421.39195292020696,423.619873046875,46996800
2021-10-20,424.0804408117706,425.5845112268091,423.96764055100016,425.28369140625,49571600
2021-10-21,424.682063831623,426.6185448638883,424.24965325713134,426.3929443359375,41305400
2021-10-22,425.9605814606376,427.4082519485341,424.0052810402493,425.951171875,58845100
2021-10-25,427.04157156190274,428.5644324904607,425.264910041171,428.23541259765625,45214500
2021-10-26,429.7865193132875,430.9991508783796,428.2448391545924,428.620849609375,56075100
2021-10-27,429.0815570599391,429.74897787469854,426.6468265828863,426.7220458984375,72438000
2021-10-28,428.15085513172806,430.9145766067055,428.1414742340312,430.8393859863281,51437900
2021-10-29,428.53631168742606,432.005063860842,428.2449013910372,431.7136535644531,70162400
2021-11-01,432.7006898838901,433.07672908555327,430.72662751397496,432.456298828125,48433600
2021-11-02,432.6254507202016,434.51494135185385,432.4938312768331,434.2047119140625,48908400
2021-11-03,433.6407307983925,437.2598929585616,433.198910555134,436.8556823730469,52509800
2021-11-04,437.4573179238719,438.99899841219184,437.1095074616392,438.9143981933594,52847100
2021-11-05,441.1422557984741,442.43010684262913,438.9237737315892,440.4372253417969,66390600
2021-11-08,441.53705147758245,442.0352718144265,440.1269906728055,440.8132019042969,50405200
2021-11-09,441.1798210293701,441.41483115793073,437.946079365355,439.3561401367187,51149100
2021-11-10,437.6640963262321,439.3561866436364,434.336373208753,435.8216247558594,69429700
2021-11-11,437.3162461048895,437.3914654122936,435.9437949662479,435.9625854492187,34848500
2021-11-12,437.2315739636778,439.807275407171,436.28212400629286,439.2526550292969,53466700
2021-11-15,440.5406069013292,440.7003977259758,438.2751057858588,439.4031372070313,46980500
2021-11-16,439.1398906471806,442.2796223088453,439.0647000337654,441.1421813964844,48857500
2021-11-17,440.8790082432791,441.0576182388675,439.4501569663317,440.0705871582031,47858300
2021-11-18,441.1046377023812,441.828487317556,438.3785257262708,441.5652770996094,50625600
2021-11-19,441.4524058684626,442.70267579983584,440.4089746825623,440.7756042480469,57315600
2021-11-22,442.65567024625074,445.1467717517106,439.32791895320247,439.5347290039063,72762000
2021-11-23,439.205682845372,440.9729634115955,436.6017812293338,440.1175231933594,73206500
2021-11-24,438.1153217416672,441.4148734428188,437.2974910059745,441.2926635742187,61858800
2021-11-26,434.6183102320527,436.0847710795946,430.32231837166336,431.4503784179687,112669600
2021-11-29,436.24460804442816,438.5852997432788,434.0449166850697,436.7428283691406,86268800
2021-11-30,434.29873651759567,436.207017697208,428.0004533224309,428.244873046875,148559600
2021-12-01,433.9603470803366,436.80866888995706,423.290880760792,423.48828125,131939200
2021-12-02,423.7044938415965,431.54442870471775,423.3096641820062,429.97454833984375,127637800
2021-12-03,431.6383868949673,432.7006085078322,422.0029722635854,426.233154296875,137331600
2021-12-06,428.7807384739588,433.1613312657967,426.3648271623469,431.28125,98977500
2021-12-07,436.5642266881175,440.7662090115453,431.1495840464495,440.2021789550781,95484700
2021-12-08,440.5969559928679,441.8189970628325,438.8390563110936,441.3677673339844,72238800
2021-12-09,440.0800010576555,441.4712714729504,438.190538959741,438.387939453125,61272600
2021-12-10,441.0952372334483,442.66508888548304,438.5383257920864,442.5146789550781,77159800
2021-12-13,441.99763801115,442.3454484006168,438.3126666867193,438.5946960449219,87724700
2021-12-14,435.3233478323497,437.8144493976514,432.6536362786152,435.5771484375,97264100
2021-12-15,435.6336329677367,442.6275087271845,433.1143023252697,442.3831176757813,116899300
2021-12-16,444.23497726904446,444.5169779638093,436.930843709259,438.48193359375,116568600
2021-12-17,435.39999504107936,438.4092618245341,432.1077368438548,433.815185546875,135511600
2021-12-20,428.7305989396733,429.59845850346267,425.5798363191293,429.2022705078125,107134800
2021-12-21,432.6265442664553,436.9659280734673,430.456866757222,436.8244323730469,69806300
2021-12-22,436.5697330215209,441.3053047127946,436.3716102556049,441.1921081542969,58890200
2021-12-23,442.1920958144293,445.4371985113299,442.0883418877811,443.9372863769531,56439700
2021-12-27,445.3145445167092,450.2670958254494,445.26738887680665,450.2199401855469,56808600
2021-12-28,450.6538982297336,451.6821388256294,449.0879451201847,449.85205078125,47274600
2021-12-29,449.9558186671151,451.4462881526954,448.955877247608,450.427490234375,54503000
2021-12-30,450.85198851964896,451.8613726077948,448.72005255913206,449.1822814941406,55329000
2021-12-31,448.6917576839053,449.8426087104167,447.7767136605498,448.0502624511719,65237400
2022-01-03,449.3143224260171,450.7765215542985,447.0031490248722,450.6444396972656,72668200
2022-01-04,452.0688648240115,452.7858147658463,448.63508224842974,450.4934692382813,71178700
2022-01-05,450.12563049513625,450.8991788038624,441.7487385385624,441.8430786132813,104538900
2022-01-06,441.380853389721,444.1448419921144,439.0602084439973,441.4280090332031,86858900
2022-01-07,441.4374335019171,442.61661242591146,438.3243838694435,439.6828002929687,85111600
2022-01-10,436.4848285240226,439.3525705879416,430.7304303225002,439.1356201171875,119362000
2022-01-11,438.8715666356284,443.229807606864,435.871713384871,443.1354675292969,74303100
2022-01-12,444.871178063288,446.3899754550205,442.3713245554861,444.3334655761719,67605400
2022-01-13,445.4372554897972,446.0881646411814,437.183001978745,438.2112426757813,91173100
2022-01-14,435.0603507775494,438.7393826378516,433.8434302738768,438.3903503417969,95890900
2022-01-18,433.6926049827335,433.9001416437437,429.51360140587576,430.6267395019531,109709100
2022-01-19,432.17371457156287,433.5698437267285,425.8816043657633,426.1551818847656,109357600
2022-01-20,428.04190842212745,432.7491810236253,419.31598522013365,421.4385070800781,122379700
2022-01-21,420.3159951185508,422.6743531254501,413.137167164053,413.16546630859375,202271200
2022-01-24,407.5525063368311,415.4294267475225,396.9210402768621,414.9200134277344,251783900
2022-01-25,408.52416133637433,414.8068298485873,402.9490001504662,409.8542785644531,167997300
2022-01-26,415.7501538816743,418.8820597450549,404.5620902381432,408.8260192871094,186391100
2022-01-27,413.4295996947917,416.5709198811738,405.1187484129023,406.8073120117187,149878300
2022-01-28,408.1657129140467,416.95767810367454,403.5810789597359,416.9105224609375,164457400
2022-01-31,416.2406973417306,424.7685269673154,414.8917236273476,424.4194946289063,152251400
2022-02-01,425.1457636408807,427.9286366614066,421.6176704704641,427.28717041015625,123155400
2022-02-02,429.6927977248774,432.1643521308704,427.38159553014776,431.43798828125,117361000
2022-02-03,425.40063739567904,427.3061803398797,420.4574993371218,421.2970886230469,118024400
2022-02-04,421.0612140470099,427.12690349554987,418.68397092224063,423.278076171875,118454400
2022-02-07,424.04213853628335,425.4382678088837,420.58949956003295,421.9196166992187,84472900
2022-02-08,421.4196471387826,426.3155998254575,419.995189934305,425.39111328125,81012000
2022-02-09,429.4286247130139,431.9379206826289,429.2305307331496,431.6171875,92589900
2022-02-10,425.7684883309894,431.7775795121979,421.8630627108087,423.8629455566406,140103700
2022-02-11,423.947845988049,426.0231836326423,414.0710421144383,415.5049133300781,153214600
2022-02-14,414.9955162101405,416.5803257355876,410.674988617769,414.146484375,123006300
2022-02-15,418.5896294380124,420.9951427431811,418.0707734780917,420.8253479003906,88482700
2022-02-16,418.7783495538221,422.6743616661116,416.90110575473415,421.2970886230469,84863600
2022-02-17,418.10854352626,421.2687487717077,411.693821753136,412.2975463867187,102259100
2022-02-18,412.5522705879942,413.8069331704449,407.3544691120626,409.6279296875,132642900
2022-02-22,407.4204659812032,410.8259207595827,401.7320794413733,405.2319030761719,124391800
2022-02-23,408.1468368692283,408.71284849771104,397.477628508236,398.0436401367187,132578000
2022-02-24,387.732876144503,404.46780255410187,387.3744299437548,404.0338439941406,213942900
2022-02-25,405.26965885180056,413.0333837616076,403.61880824968927,412.948486328125,121804500
2022-02-28,407.5525226744369,413.37296233027865,406.29788900505855,411.8919067382813,145615000
2022-03-01,410.3919658423738,412.4012911318685,402.9112336256211,405.61865234375,137785900
2022-03-02,407.8732935334649,414.8068717900214,407.1186304911872,413.08056640625,117726500
2022-03-03,415.5143397383029,416.1180643570966,409.22222854392,411.0240173339844,105501700
2022-03-04,407.2883535725804,408.8165646764018,403.6376206493303,407.6845703125,113978200
2022-03-07,407.09972677904506,407.8072341448679,395.60037142345385,395.6664123535156,137896600
2022-03-08,395.8455958140773,403.0055659240811,391.6005521986846,392.6665344238281,164772700
2022-03-09,401.05289644474624,405.1753011556901,398.8643335593627,403.19427490234375,116990800
2022-03-10,398.5812801406087,402.2697547820951,396.61913933731984,401.3735961914063,93972700
2022-03-11,403.8640420157582,404.4772092709991,395.7607282684723,396.2701416015625,95636300
2022-03-14,397.04364145545367,400.49625143515976,392.232586490236,393.3740234375,95729200
2022-03-15,395.9870872847089,402.6565293140859,394.7135972445158,402.0245056152344,106219100
2022-03-16,405.5338401149026,410.9957767582318,400.7321976792803,410.9391784667969,144954800
2022-03-17,409.02416595069127,416.0803833007813,408.6468344364111,416.0803833007813,102676900
2022-03-18,414.467909206015,420.9593333746131,413.72981682419214,420.6376037597656,106345500
2022-03-21,420.46728690424806,422.47338269242965,417.00392141262006,420.5146179199219,88349800
2022-03-22,421.90556943878335,426.37198236705336,421.90556943878335,425.4351806640625,74650400
2022-03-23,422.8991638853642,424.3942635584214,419.8710766291218,419.9562377929687,79426100
2022-03-24,421.9813008840571,426.2963066948586,420.8647048360825,426.2868347167969,64736900
2022-03-25,426.92079387932296,428.6430187339525,424.3374565973786,428.36859130859375,77101300
2022-03-28,427.7724898649088,431.4156494140625,425.8799424500739,431.4156494140625,68529800
2022-03-29,435.3048572896743,437.2447358806615,432.61744319877937,436.7526550292969,86581500
2022-03-30,435.6076600857703,436.42147053755207,431.9455852477108,434.0557861328125,79666900
2022-03-31,433.2893025074121,434.112556051826,426.9208697553412,427.3750915527344,121699900
2022-04-01,428.9553354432427,429.0972707248986,425.0093902232998,428.5863037109375,89048800
2022-04-04,428.78500420961205,432.3619176230426,427.96175071510544,432.2578125,59601000
2022-04-05,430.7627409154782,433.2325015603828,425.6528684021026,426.7978515625,74214500
2022-04-06,422.8802663750546,424.8106439250677,419.64399762453365,422.5301208496094,106898000
2022-04-07,421.6500366650855,426.47603764852965,419.70071542078097,424.6591796875,78097200
2022-04-08,423.902215849486,426.4193072695884,421.9812814601947,423.5237121582031,79272700
2022-04-11,420.2496507622423,421.0918483203158,415.78326607146334,416.2847900390625,89770500
2022-04-12,419.27490896658617,421.80147227519615,413.1903764318397,414.7422790527344,84363600
2022-04-13,414.4962000276668,420.2495304786552,414.3164057437632,419.4925231933594,74070400
2022-04-14,419.7196818328597,420.8363067294956,414.16505991706254,414.2691650390625,97869500
2022-04-18,413.3417418379465,416.1237883500015,412.2062020411162,414.4394226074219,66002500
2022-04-19,414.3354318811,421.8488481574368,414.1651095279501,421.1296997070313,77821000
2022-04-20,422.9086378808468,423.5237099857739,419.6534541721469,420.8173522949219,65224400
2022-04-21,424.441679554067,425.8327032647184,413.6163044307088,414.5247192382813,85417300
2022-04-22,413.43650465990896,414.5436288750389,402.58274261879126,403.1505126953125,132471800
2022-04-25,400.9078010953179,405.65808479066646,396.33728283967,405.4877624511719,119647700
2022-04-26,402.9517317938679,403.1504700703284,393.7161197790121,393.7445068359375,103996300
2022-04-27,394.82323647876274,400.1980931391152,392.7130645715548,394.85162353515625,122030000
2022-04-28,399.601987737978,406.55710623337256,395.1639611208208,404.8254089355469,105449100
2022-04-29,400.8321798006977,402.9896832558064,389.1173036562605,389.8648681640625,145491100
2022-05-02,389.93102468617633,393.5741843394114,383.2597775315031,392.2115478515625,158312500
2022-05-03,392.7131004763314,396.4224776148035,391.1517255979903,394.0094909667969,100028200
2022-05-04,394.67186907445193,406.57600980928174,391.4829309462933,406.00823974609375,144247900
2022-05-05,401.7405161814466,402.16635092774,387.44233342518896,391.5775451660156,172929100
2022-05-06,389.01316841951103,392.5143641838962,383.9316826887412,389.2402648925781,151770800
2022-05-09,383.3354711443122,384.575087347115,375.1975117716512,376.7778015136719,155586100
2022-05-10,382.7582487909865,384.2628205444741,373.6077980656533,377.64837646484375,132497200
2022-05-11,376.68316971112745,382.3324247205916,370.9014225253903,371.6489868164063,142361000
2022-05-12,368.4505828254061,374.5351157341159,364.4573066901353,371.2610168457031,125090800
2022-05-13,375.39615390938985,381.5185446390321,374.3552472787754,380.1369934082031,104174400
2022-05-16,378.4905892750784,382.26621234005705,376.2384531036934,378.59466552734375,78622400
2022-05-17,384.68869959743125,386.6191062996921,380.9509064114928,386.3825378417969,83029700
2022-05-18,381.82143279357103,382.1053033485448,369.5671769928699,370.8067932128906,117674500
2022-05-19,367.7408696651366,372.96431881468,366.3119871799563,368.5357360839844,98510700
2022-05-20,372.1221617156702,375.69907542713753,360.09503013105126,368.6966552734375,131432200
2022-05-23,371.7246556441584,376.36141951205695,369.40630258818845,375.5949401855469,76414900
2022-05-24,371.469222937356,373.9200684973476,366.17008413397616,372.727783203125,91448800
2022-05-25,371.2326397707966,377.9890479746067,370.8352209811501,376.0207824707031,91472900
2022-05-26,377.250967539604,385.1712741839689,377.04278616008014,383.5342102050781,82168300
2022-05-27,385.99455814727753,393.06322475181946,385.79584873051925,392.9496765136719,84768700
2022-05-31,391.3314359884752,394.08509563165984,388.00056331033727,390.7447509765625,95937000
2022-06-01,392.8644208255554,393.8769116241252,385.0671067720199,387.5841979980469,86585800
2022-06-02,387.42340710258367,395.0125120967157,385.1712709822698,394.9652099609375,79609600
2022-06-03,390.2432705636919,391.795173302903,387.5085545700082,388.4832153320313,71874300
2022-06-06,392.49542593941146,394.2270942003177,388.4926775699303,389.66607666015625,57508900
2022-06-07,386.1743226865664,393.8580609068562,385.71062891259504,393.4038391113281,59272400
2022-06-08,391.6910721501235,393.4795433339592,388.3318120110862,389.1266784667969,64350000
2022-06-09,387.34775033174,389.6188018901755,379.8721923828125,379.8721923828125,86289800
2022-06-10,373.6645695586442,374.5162101273659,368.8101807755536,368.85748291015625,132893900
2022-06-13,359.4420946590602,361.2967831487457,353.2439841844837,354.8526611328125,170004900
2022-06-14,356.6032310706992,357.6346658846879,350.679548775885,353.7833251953125,104011800
2022-06-15,357.085796472794,363.2744339830128,352.1273319853411,358.82696533203125,125666800
2022-06-16,350.6038951062925,351.0107858866292,344.51933296816924,346.9512634277344,134473300
2022-06-17,347.3665544750161,351.0444479219139,344.19235133733406,347.6991577148437,111113900
2022-06-21,353.4298843377524,357.839545770176,353.35383919081494,356.4520263671875,76811900
2022-06-22,352.2229356289405,359.9208687301767,351.8047742948576,355.8058166503906,90059400
2022-06-23,357.944112743824,360.0253774175742,354.380257681737,359.2936096191406,79292100
2022-06-24,362.4678495923808,370.7264928757993,362.4393399091187,370.7169799804687,98050300
2022-06-27,371.6388454775464,371.93345521638525,368.2080544530602,369.3009643554687,66009600
2022-06-28,370.859513206885,373.6440649503389,361.6409966809316,361.7550354003906,86548900
2022-06-29,362.3062847809654,363.2946397490487,359.63577158326706,361.46044921875,65676000
2022-06-30,357.56389907239446,361.7645084605366,354.0665767146873,358.5237731933594,112508300
2022-07-01,357.8680810567147,362.7529525002182,355.2450743514729,362.3157653808594,74839700
2022-07-05,357.221845993929,363.0190563072348,354.38975859425415,363.0000305175781,81438000
2022-07-06,363.1425872465519,366.7159554565062,360.7571998109625,364.22601318359375,70426200
2022-07-07,366.0031669220348,370.4793608631199,364.2449925833958,369.6810607910156,64525900
2022-07-08,368.0464848680788,371.2492274610429,366.5164167860133,369.37701416015625,72397800
2022-07-11,366.6969600116307,367.66631821985214,364.4636048722329,365.1573791503906,58366900
2022-07-12,364.60617377885575,366.9915903599883,360.1774858287248,361.9261474609375,62219200
2022-07-13,356.4805310045145,362.9620020597862,356.0623697104502,360.0253601074219,84224600
2022-07-14,355.0644304558433,360.2343976523002,352.6220242383652,359.1510009765625,89704800
2022-07-15,363.56071631441466,366.1267035144383,361.6505097570627,366.0126647949219,79060400
2022-07-18,369.1013562443131,369.7761047012278,361.7645652536722,362.9905395507813,63203600
2022-07-19,366.91541891741446,373.36837922709503,366.2596964084073,372.7981567382813,78506000
2022-07-20,372.9882834943679,376.59016077722407,371.6197609648057,375.1741027832031,71843800
2022-07-21,374.5944510061109,379.0421353749179,372.1900378364041,378.99462890625,64903900
2022-07-22,379.1182025989379,380.3156383047251,373.2544596880856,375.4783020019531,72197300
2022-07-25,376.10550632547137,376.78976766133366,373.6915803624673,375.9344482421875,53631500
2022-07-26,374.2903039017584,374.4993845551237,370.59341339787153,371.48675537109375,52946400
2022-07-27,374.784438514411,382.8815347076384,374.4898288550795,381.13287353515625,82342100
2022-07-28,381.9407048584431,386.6069531734175,378.3863339855172,385.9132080078125,73966600
2022-07-29,387.3482705951752,392.52775161157655,386.5784802133014,391.5393676757813,87003700
2022-08-01,388.8403630121632,392.8889118778882,388.1275919584921,390.37994384765625,69997500
2022-08-02,388.8118240524891,392.4992306662549,386.6260045869153,387.804443359375,63435400
2022-08-03,389.9332658563709,395.0462147637368,389.6481690410905,393.8772888183594,67820600
2022-08-04,393.8011998743411,394.48546115765066,391.96700956030446,393.6111450195313,45656600
2022-08-05,389.3250180600784,393.5921310646699,389.2679987016488,392.9458923339844,56814900
2022-08-08,394.6374800891992,396.8898314459014,391.3872320916259,392.4896545410156,53886100
2022-08-09,391.75793150673337,392.2616218295309,389.8572089297277,390.9311218261719,44931800
2022-08-10,397.9922829228799,399.2847893036727,396.0345410690424,399.1422119140625,68665700
2022-08-11,401.993295662687,403.8560245937494,398.4009312995291,399.1422119140625,59489700
2022-08-12,401.08098369306896,406.0038483328686,400.1306223802401,405.8993225097656,61694500
2022-08-15,403.6849254995712,408.09461548737096,403.6279061465154,407.5718994140625,54048300
2022-08-16,406.49811757493705,410.299563413517,405.6903045336928,408.3703308105469,59289000
2022-08-17,404.7684215424708,408.1802154391552,403.4664310836019,405.4716796875,63563400
2022-08-18,405.6712464163247,407.3343788381746,404.3787688555106,406.650146484375,49023200
2022-08-19,403.8845081335463,404.1506081060881,400.3111407856508,401.18548583984375,68016900
2022-08-22,396.3481983345936,396.5192854235155,391.9290237582037,392.8318786621094,77695600
2022-08-23,392.40421793285645,394.7991472328157,391.33030490584025,391.8815307617187,49105200
2022-08-24,391.6533959625738,394.50447996842576,390.9691636437866,393.135986328125,49177800
2022-08-25,394.62797428207705,398.7335416150258,393.5350647057372,398.68603515625,50942300
2022-08-26,398.5720838369905,399.1137677961375,385.13395963978553,385.1909790039063,103087000
2022-08-29,382.2353030427063,385.6946028813485,381.284941800932,382.6439514160156,65370800
2022-08-30,383.803441896294,384.0410322368263,376.3430994030369,378.4433898925781,85652400
2022-08-31,380.0779671510677,381.3229380663818,375.4307157273297,375.5637512207031,76029700
2022-09-01,373.3875044699216,377.0843952355188,370.6789686786316,376.7422790527344,78740100
2022-09-02,380.4106586214813,381.6271200488621,370.9545511254495,372.7697448730469,99632100
2022-09-06,373.6155720333937,374.5564205138696,369.1393780774377,371.36322021484375,76637400
2022-09-07,371.04956742201074,378.80451936163286,370.8310028776724,378.0347290039063,70964200
2022-09-08,375.7633824847431,380.9618311489722,374.5564050265275,380.5056762695313,80821700
2022-09-09,382.7485212557317,387.2817634621597,382.4824212375365,386.41693115234375,76706900
2022-09-12,388.4886529261107,391.2922300870469,388.1845303793044,390.5699462890625,69256300
2022-09-13,381.8836405980916,383.090617922909,372.46558632358233,373.5870056152344,122947100
2022-09-14,374.8890521407821,376.5331877578143,371.7053357392143,375.0126037597656,85023700
2022-09-15,373.4539971854713,376.3050813057856,369.4814936051546,370.7549743652344,87633800
2022-09-16,366.5715341126114,368.585020179626,364.6343473440576,367.9265747070313,103084800
2022-09-19,364.77747715242447,370.77978515625,364.7011196171955,370.77978515625,73278500
2022-09-20,367.4493811490609,368.4609000016925,363.7659311992638,366.5237426757813,77274900
2022-09-21,368.451290827239,371.5049508543684,360.1205749829473,360.130126953125,106746600
2022-09-22,359.3571850053135,360.9985223543948,356.3608073472819,357.1051330566406,89472600
2022-09-23,353.63161092219536,353.66978968711527,346.67503807204696,351.1219177246094,122346900
2022-09-26,349.6523393463072,353.27853570562985,346.42691809015844,347.6483764648437,92581200
2022-09-27,351.1886701822386,353.4598260291323,344.3656797923764,346.7608947753906,108294100
2022-09-28,347.71516751010176,355.27293178744674,346.01657657366974,353.5838928222656,110802200
2022-09-29,350.034073262893,350.32034122123895,343.2492605532847,346.19793701171875,112952300
2022-09-30,345.2532144843065,349.1752604718102,340.7109309251175,340.8445129394531,153711200
2022-10-03,344.5660844856892,351.6944470852205,342.78161312339256,349.8431701660156,89756500
2022-10-04,355.36842016959133,360.71231209913736,349.8050658415785,360.6836853027344,103602800
2022-10-05,356.3131081925854,362.10547600581526,353.9846987017383,359.8438720703125,88065700
2022-10-06,358.4411724636354,361.399401090527,355.6356297985948,356.1318664550781,82333500
2022-10-07,352.09528992858685,356.21772325997466,344.43254027693825,346.19793701171875,107789500
2022-10-10,347.3144037026543,347.5529700367685,341.31209570408595,343.5545959472656,76042800
2022-10-11,341.8559472852013,346.4268856317471,339.441657555121,341.3788146972656,92482800
2022-10-12,341.7891591233935,343.3636907851623,340.0046588434037,340.2527770996094,76991800
2022-10-13,333.2389867095814,350.7020596679561,332.1892890254387,349.23248291015625,147254500
2022-10-14,351.6944872171797,353.3263019525563,340.63455517563204,341.27392578125,123737000
2022-10-17,347.36209613161253,351.1505302643893,340.9398806417008,350.0435791015625,93168200
2022-10-18,357.97352458781444,358.27889645424324,350.71155095897484,354.1564636230469,97162900
2022-10-19,352.114370264022,354.8435843710711,348.831695054884,351.64678955078125,79746900
2022-10-20,351.198198573637,355.6260028050626,347.934598978762,348.6980285644531,88283100
2022-10-21,348.42140049601363,357.65868317017765,346.91367388110444,357.1720275878906,131038400
2022-10-24,358.69872802909634,362.6779972501079,356.04584305260835,361.54241943359375,85436900
2022-10-25,361.4661151762165,367.6306600761956,361.35160801427605,367.3157653808594,78846300
2022-10-26,364.1666701170704,369.8540823855379,363.9090290046154,364.5483703613281,104087300
2022-10-27,365.5503911743671,367.3921160917615,361.9814193866082,362.6017150878906,81971800
2022-10-28,362.4967201324538,371.7053735710983,362.31540741307015,371.2282409667969,100302000
2022-10-31,368.7662749442344,370.6366267278111,367.64024890976526,368.5467834472656,96631300
2022-11-01,372.2970774702504,372.5356437948338,365.7603543522941,366.93408203125,85407600
2022-11-02,366.34247921682703,370.8561650178264,357.6205086522629,357.7254638671875,126990400
2022-11-03,354.4809460886305,357.0861009438969,351.9235219733596,354.0419921875,87100100
2022-11-04,359.7580535469761,361.5425251743016,353.0781957888094,359.1377868652344,103505200
2022-11-07,360.435515659066,363.1647293889322,358.3552244250396,362.5730895996094,68286900
2022-11-08,363.68001733717375,367.5066303285375,360.4450732662479,364.5293273925781,84641100
2022-11-09,362.5540142899373,363.7086962893126,356.5230505073736,357.019287109375,78495500
2022-11-10,370.3026114178393,376.9729451885855,368.00285783726986,376.6389465332031,141455800
2022-11-11,377.4977734770305,381.08582000984256,375.60831786460767,380.28424072265625,93839900
2022-11-14,378.5188931836802,381.8778966959395,376.7725713035823,377.04931640625,71903500
2022-11-15,382.8035164099832,383.91046764433503,376.4481060648525,380.2651672363281,93194500
2022-11-16,378.6334179598029,379.58768334395705,376.7344391643341,377.3642578125,68508500
2022-11-17,372.6023818822728,376.88705243365007,372.2970391508522,376.2095031738281,74496300
2022-11-18,379.5495409360619,379.6163465086012,375.0645106739837,377.9177551269531,92922500
2022-11-21,376.5912488015893,377.7172747970653,374.7017931399619,376.5435180664063,51243200
2022-11-22,378.4901896758474,381.7728641092099,377.07786677530646,381.6106262207031,60429000
2022-11-23,381.2767670132752,384.5021890470149,381.0477526133933,384.0155334472656,68261600
2022-11-25,383.4524327547151,384.4830556409012,383.1757167709755,383.9295654296875,30545400
2022-11-28,380.8376873882357,382.47902466355777,377.0397014860041,377.8031311035156,67881600
2022-11-29,377.9367417321205,379.1295732981502,375.312512286855,377.1542663574219,52310000
2022-11-30,377.4023553187591,389.0348510742187,375.48430196447526,389.0348510742187,144566700
2022-12-01,390.07504041496463,391.2487972907091,386.2389041546695,388.7486267089844,76398200
2022-12-02,383.8531997520255,389.2066138670267,383.7482445522166,388.3000793457031,85342700
2022-12-05,385.4754923603679,386.41065374736974,379.9598399084257,381.31488037109375,77289800
2022-12-06,381.15260520692095,381.69651421862574,373.728423384414,375.8182373046875,77972200
2022-12-07,374.9689850432598,377.5455128352498,374.0433465972937,375.1789245605469,65927900
2022-12-08,377.068403979044,379.18684498444895,375.2839034087124,378.1180725097656,60737900
2022-12-09,376.8775102817556,379.4349340954439,375.1693673749268,375.2934265136719,81447700
2022-12-12,376.0855530976754,380.7042236328125,375.4175847370123,380.7042236328125,75405800
2022-12-13,391.4586555975836,391.7162967072409,380.8186048744333,383.5859680175781,123782500
2022-12-14,383.2424323385713,386.9545379387217,378.1848384359595,381.1335144042969,108111300
2022-12-15,376.2668278226688,377.1733915827472,370.15001236187896,371.8104248046875,117705900
2022-12-16,369.2517350620785,370.5938353403458,365.2829507209457,367.4207153320313,119858000
2022-12-19,367.6124594366193,367.9479918227815,362.63707790509415,364.30511474609375,79878100
2022-12-20,363.5478242860952,366.42376617165866,362.224886337841,364.80364990234375,74427200
2022-12-21,367.4015822948589,371.3895586231339,366.864742140629,370.2583618164063,78167400
2022-12-22,367.209831595386,370.23916053307846,359.2722332289845,364.9761962890625,100120900
2022-12-23,363.9504836726347,367.2194748542559,362.3974795479765,367.07568359375,59857300
2022-12-27,366.9606467226907,367.30574574427226,363.9504798416653,365.6281127929687,51638200
2022-12-28,365.5609421925815,367.5357824385264,360.8540099500132,361.0840759277344,70911500
2022-12-29,363.93123576240765,368.4560516488147,363.4039622569558,367.5836791992187,66970900
2022-12-30,364.8995512939543,366.7593002885038,362.7809195286711,366.6155090332031,84022200
2023-01-03,368.4752072280289,370.4500180533657,362.2056465586836,365.072021484375,74850700
2023-01-04,367.3344711039099,369.9228305563907,364.28597966385496,367.8905029296875,85934100
2023-01-05,365.93482035409846,366.0498533403474,363.0972327561213,363.6915893554687,76970500
2023-01-06,366.7880279535868,373.153460042991,363.72037415912655,372.0318298339844,104189600
2023-01-09,374.2271369047477,377.4194487549502,371.6388067821009,371.8209228515625,73978100
2023-01-10,371.2361537559992,374.4955486092587,370.29666890331214,374.4284362792969,65358100
2023-01-11,376.0102861562455,379.24092326423306,375.1954300022919,379.1642150878906,68881100
2023-01-12,380.2666910421618,382.0114071401958,376.1924394420377,380.544677734375,90157700
2023-01-13,377.3427618688984,382.5961598321735,377.0743417835104,382.0209655761719,63903900
2023-01-17,382.0017359962495,383.6793685488554,380.6404441382468,381.3210754394531,62677300
2023-01-18,382.5098268846119,383.5739112290624,375.099473530486,375.30078125,99632300
2023-01-19,373.2588930285292,374.9077675297641,371.2457571335137,372.5686950683594,86958900
2023-01-20,373.9683274907241,379.6626949440639,372.3194529208076,379.5093078613281,91806400
2023-01-23,380.31452159871134,385.9992925218667,379.3558743905331,384.0628356933594,84178800
2023-01-24,382.3852438122682,384.561362674629,381.1965305092897,383.6506652832031,59524900
2023-01-25,379.5764217138024,384.1299965276801,377.28524055423935,383.7944641113281,84800300
2023-01-26,386.4594777963223,388.1754645974599,383.4876654146606,388.0124816894531,72287400
2023-01-27,386.9675348741631,391.281447303276,386.7566313185161,388.9039916992187,68346200
2023-01-30,386.1431385720955,388.3768032673917,383.7273577965346,384.0245361328125,74202000
2023-01-31,384.5421906397612,389.7188801347345,384.1970624037799,389.67095947265625,86811800
2023-02-01,388.4534817565757,396.5636593442866,385.7117643976384,393.8123168945313,101459200
2023-02-02,397.704397771963,401.01174260046105,395.8062948752539,399.5450134277344,101654500
2023-02-03,394.569606006432,399.7271327340284,394.09028239614366,395.2981872558594,94736800
2023-02-06,392.8441519721598,394.282123166359,391.2240354195808,392.8824768066406,60295300
2023-02-07,391.9620943439746,399.2669816692664,390.7158646278332,398.020751953125,90990700
2023-02-08,396.0459125600925,397.3880127555721,392.97822989420473,393.66845703125,76227500
2023-02-09,397.2730117017424,397.42639877292254,389.02863947326034,390.2557067871094,78694900
2023-02-10,389.0765392196659,391.5498653830581,388.26171250273467,391.1664123535156,70769700
2023-02-13,391.8183353582287,395.8925864844252,391.3581741107854,395.7583618164063,64913500
2023-02-14,394.2341032958751,397.8865471406861,391.6170149103328,395.57623291015625,88389300
2023-02-15,393.3808847880114,396.9374577122151,392.5372705702228,396.86077880859375,61555700
2023-02-16,391.88540381719497,395.8350256682058,391.2622889776,391.396484375,76431500
2023-02-17,389.26834315965215,390.6583935285287,387.341452611694,390.4187316894531,89257800
2023-02-21,386.39237880681736,387.44689668905306,382.3277236123021,382.5865478515625,82655900
2023-02-22,382.9987206737072,384.54215788611697,380.6021026620575,382.0592651367187,83742300
2023-02-23,384.95439045031753,385.567938737912,379.86397585252666,384.0916137695313,96242400
2023-02-24,379.0683237378521,380.8226354035622,377.36193273433554,379.9886169433594,108194400
2023-02-27,383.33432711552274,384.69561928163296,380.3433519399528,381.2828369140625,80444700
2023-02-28,380.80348526155615,382.7687005643169,379.7681297733509,379.8735961914063,96438600
2023-03-01,379.05878003283976,380.2858475607984,377.1127269395397,378.4164733886719,99706800
2023-03-02,376.4415712731506,382.20305024263513,376.1060389057773,381.35943603515625,85127800
2023-03-03,383.1808362617319,387.7248435531671,382.52896323446737,387.4755859375,90120000
2023-03-06,388.3000821585358,390.60085911261217,387.3031100177366,387.74407958984375,72795900
2023-03-07,387.6961188042508,387.935780607532,381.1868960355702,381.8004150390625,108310600
2023-03-08,381.91556305269023,383.18095542395616,380.1899801281676,382.4236450195313,74746600
2023-03-09,383.2096786661938,384.87774493306273,374.38054484861016,375.3679504394531,111945300
2023-03-10,374.82154566343945,376.9018234388532,368.4273837504072,369.9516296386719,189253000
2023-03-13,366.0210998932848,374.2463095850396,364.90906558564376,369.4242858886719,157790000
2023-03-14,374.3517676052174,377.1797888194533,371.0444227448801,375.5309143066406,149752400
2023-03-15,369.9323910671056,373.38349766674736,367.8425178859198,373.1821899414063,172996900
2023-03-16,370.8239247170232,380.074864540284,370.3158428605711,379.729736328125,143254200
2023-03-17,378.3979622867853,379.5334763060183,373.9039803951704,375.2897033691406,140553400
2023-03-20,376.0691640257984,379.31215983644114,375.3666994576997,378.8983459472656,93055800
2023-03-21,382.2663798560957,384.3545965453815,380.6689485650316,383.8734436035156,91524200
2023-03-22,383.7002630234373,387.31851343521214,377.2913018555355,377.3297729492187,111746600
2023-03-23,380.1974645439356,384.2391613901428,375.636143615093,378.349853515625,119351300
2023-03-24,377.0699607694,380.9191845780308,374.7219318967555,380.8325805664063,107682400
2023-03-27,383.113241135813,383.88310351821207,380.6497402466303,381.544677734375,74010400
2023-03-28,380.8518385152833,381.54470001628135,378.850254938649,380.6882629394531,62871700
2023-03-29,384.8550396292689,386.4621036046712,383.65215710396006,386.2215270996094,77497900
2023-03-30,388.85822473969705,389.1084336951085,386.6160647001771,388.4829406738281,69840000
2023-03-31,389.4068079754219,394.2568391667567,389.3009390285505,393.9585266113281,112062600
2023-04-03,393.4388073224312,395.8638078292274,393.0442583450311,395.4596557617187,67391100
2023-04-04,396.10437947935486,396.3930888912914,391.8894746234111,393.2655944824219,66601500
2023-04-05,392.534243907046,393.2944738697264,390.5807639021192,392.2359313964844,65200200
2023-04-06,391.437167451645,394.0450376322365,390.3882575257403,393.7659606933594,63743300
2023-04-10,391.2831872850261,394.2471058980047,390.6673267809661,394.1701049804687,63681000
2023-04-11,394.7956849780574,395.6809900883233,393.50619840980073,394.2760314941406,59297900
2023-04-12,396.3448996156736,396.6336089865583,392.08189181419215,392.66888427734375,86420400
2023-04-13,393.7563125926208,398.2406615136449,392.6111662470231,397.8846130371094,85814800
2023-04-14,397.2495326959301,399.443589174648,394.6031912280039,396.9127197265625,78161500
2023-04-17,396.82611712486937,398.356180127704,395.59436663010166,398.3369445800781,66436400
2023-04-18,399.9150951800139,400.0498321097644,397.2206502574761,398.59674072265625,63560000
2023-04-19,396.6817785129536,399.43395956292494,396.6240425026219,398.5294189453125,55227300
2023-04-20,395.709795357126,398.1059569841909,394.805225474454,396.35455322265625,75840400
2023-04-21,396.6528736469394,397.1243941432459,394.7090262895011,396.6625061035156,73457400
2023-04-24,396.4603735939043,397.49968034668166,395.1227837473728,397.0762634277344,64332100
2023-04-25,395.103539346267,395.661693208056,390.7154268377835,390.7731628417969,97766700
2023-04-26,391.3890687387205,392.46684668077467,388.559886957205,389.1180114746094,80447000
2023-04-27,391.6585449994972,397.1340685308111,391.40833604006144,396.8646240234375,92968400
2023-04-28,395.9792514788031,400.2615245465103,395.9215154732954,400.25189208984375,89433100
2023-05-01,399.8092473425676,401.8781992260224,399.6167744089802,399.8477478027344,62122300
2023-05-02,399.1356149746384,399.1837478908785,392.4476064659251,395.353759765625,103998500
2023-05-03,395.8541741351487,398.26957154429016,392.3994991884123,392.64007568359375,91531800
2023-05-04,391.59114772802405,391.91832822239473,388.5213894409254,389.8590087890625,94901900
2023-05-05,393.4964845285171,398.1251732691853,393.2366725239446,397.0762634277344,87891800
2023-05-08,397.40353090526224,397.6633429667236,395.77723133030975,397.1821899414063,50046800
2023-05-09,395.63287211761855,396.5566776586157,395.2094551264847,395.4403991699219,49220100
2023-05-10,398.2791988750433,398.914324338217,393.4580365761441,397.28802490234375,96142900
2023-05-11,396.4219762908843,396.8838643849846,394.5165998009732,396.5951843261719,70157100
2023-05-12,397.8365368137777,398.0482452964263,393.65050007841785,396.0755004882813,70481500
2023-05-15,396.6817866269805,397.8461686821511,394.7668070548965,397.4420166015625,54289400
2023-05-16,396.3353092048242,397.2591440489676,394.7763782852964,394.7860107421875,57705500
2023-05-17,396.8068925910828,400.1845667461961,395.1613575223225,399.5783386230469,87287000
2023-05-18,399.2607800842859,403.8509988046538,399.039468484604,403.4275817871094,97177200
2023-05-19,404.3321069908471,404.8613635204508,401.6183971431854,402.8405151367187,103793300
2023-05-22,402.8598103596236,404.5438459115557,401.6184273585123,403.004150390625,60745400
2023-05-23,401.35857830108944,402.9367742560176,398.08674373587735,398.4812927246094,86383500
2023-05-24,396.8742437459542,397.25916026310097,394.4299783428379,395.5943603515625,89213700
2023-05-25,399.1068066582074,400.4732941875015,396.864646455889,399.0202026367187,90961600
2023-05-26,399.6744966018046,404.90944304818487,399.5975250513779,404.1877136230469,93830000
2023-05-30,406.1220078476712,406.6512644109918,402.95601282370507,404.34173583984375,72216000
2023-05-31,402.5133634004825,403.4179334143472,400.53101533620446,402.0995788574219,110811800
2023-06-01,402.3304796935779,406.9784337458306,401.0794937409788,405.9198913574219,88865000
2023-06-02,408.4988787329244,412.5790465929496,407.9696222034908,411.78997802734375,91426200
2023-06-05,412.13636840253633,413.4258547804784,410.298360615152,411.0008544921875,65460200
2023-06-06,410.58706057707866,412.4250389550156,409.9326702630217,411.8957824707031,64022200
2023-06-07,412.2903604628489,413.4258744271593,410.0481711705742,410.4715881347656,85373300
2023-06-08,410.5389787763912,413.40666121292,409.7691457275,412.9543762207031,61952800
2023-06-09,413.7530485062901,415.7065283650919,412.70413856902655,413.6953125,85742800
2023-06-12,414.6768867959098,417.5253041431819,413.9551573440261,417.44830322265625,76104300
2023-06-13,418.9110749460117,420.8452901285255,418.247081424966,420.2005615234375,95899700
2023-06-14,420.5373826666398,422.51009835206776,417.2462830042877,420.7009582519531,100612100
2023-06-15,419.8829487810575,427.1676119841462,419.7867416783568,425.9166259765625,110303100
2023-06-16,427.9043524050704,428.47421834147775,423.9925483177265,424.4658203125,114165800
2023-06-20,422.5244785007693,423.41307214231983,420.1870344889163,422.263671875,76160400
2023-06-21,421.2784425280354,422.0801103736596,419.51086470582334,420.1000671386719,76982300
2023-06-22,419.1438643349352,421.7227488220665,418.8058002569503,421.6165161132813,70637200
2023-06-23,418.1586622892244,420.2159925909701,417.714365486568,418.4291076660156,92074500
2023-06-26,417.8592755318311,419.781368562751,416.4780732983192,416.7195434570313,72823600
2023-06-27,417.59847607026,421.9062952182515,417.1445110170716,421.28814697265625,72813700
2023-06-28,420.2063045276252,422.5147730975973,419.5881563282677,421.5006103515625,75636000
2023-06-29,421.08528892018165,423.3261389375307,420.67963558379535,423.1619262695313,67882300
2023-06-30,426.3782705598957,429.1406745135059,426.05951350289007,428.1554870605469,104964000
2023-07-03,427.8077905144009,428.9281859198321,427.5276769248768,428.6481018066406,32793400
2023-07-05,426.8323056243361,428.7447598513333,426.8226373857692,428.01068115234375,58418400
2023-07-06,424.4272557113554,425.0840474287703,422.1477622241082,424.6590576171875,80658300
2023-07-07,423.6641704920447,427.5373607483118,423.3454134187473,423.5868835449219,86134200
2023-07-10,423.2295437531058,424.8329090465615,422.659677750378,424.6590576171875,62443500
2023-07-11,425.4220950342892,427.8561033801802,424.4465462578362,427.3634948730469,64463800
2023-07-12,431.1594635773627,432.2122699147005,429.7299496500487,430.8020629882813,91924500
2023-07-13,432.617887210663,435.0132815571351,432.18325865422753,434.2212524414063,72425200
2023-07-14,435.109843497716,435.9597935487755,433.1877213239847,433.9507751464844,69815800
2023-07-17,433.8059330908804,436.5103868213516,433.7576213779186,435.4575805664063,52680200
2023-07-18,435.1291664096603,439.3403912522435,434.6945083929684,438.6932678222656,80668200
2023-07-19,439.4853035858035,440.85683741354967,438.61598753921226,439.6688232421875,65891700
2023-07-20,438.6739839174844,439.5722457578469,436.0371193951603,436.7518615722656,70591600
2023-07-21,438.47112777830426,438.6739839174844,436.74222281063936,436.7518615722656,71275600
2023-07-24,437.9012445599851,439.5142779903244,436.867745334165,438.7029418945313,54023400
2023-07-25,438.43244612728506,441.15620646563485,438.38413442126745,439.9005737304687,55191200
2023-07-26,438.9637376866275,441.3977460774992,437.9109314172146,439.96826171875,71052900
2023-07-27,443.35849914141073,443.7641819600167,436.1433699333953,437.0513000488281,92194400
2023-07-28,440.3255542720442,442.1607211067863,437.0512056209177,441.330078125,80011800
2023-07-31,441.8034013690048,442.52781174126136,440.4897885662861,442.1704406738281,62040400
2023-08-01,440.7022647310359,441.6488381887154,439.9488791549504,440.9051208496094,55291500
2023-08-02,437.7853626915781,438.0461398306252,434.0184344125547,434.7718200683594,93933400
2023-08-03,432.7530643035519,435.40923541358217,432.1059114635226,433.5257568359375,64276100
2023-08-04,435.3416597654818,437.44727217935485,431.0434797536367,431.5650634765625,100128900
2023-08-07,433.400300457552,435.4866062095408,432.704865206889,435.3320617675781,58357500
2023-08-08,432.7917203880473,435.3223520518387,430.0775985479417,433.4388732910156,71361300
2023-08-09,433.7092853401669,433.8734979817306,429.7781449426101,430.5411987304687,78789600
2023-08-10,432.8979765886809,436.2882265207825,429.52706313111736,430.6957702636719,93005500
2023-08-11,428.8219385368356,431.458802739744,428.22309738246776,430.4446105957031,68690900
2023-08-14,429.5271128527488,432.82073974609375,429.2180239876929,432.82073974609375,47867400
2023-08-15,431.0434905199487,431.40089107368914,427.2089436634091,427.7788391113281,75707500
2023-08-16,427.3634393179518,429.02475480750246,424.5334167819472,424.6396789550781,80107200
2023-08-17,426.1078865123335,426.3686636613096,420.8824689600864,421.404052734375,95711300
2023-08-18,418.583601033872,422.64031066724186,418.23589822455375,421.6068115234375,98852000
2023-08-21,422.6210410735604,425.0936930300052,420.4671462190992,424.3499755859375,68719000
2023-08-22,426.1272091701829,426.1272091701829,422.64039424533416,423.2005920410156,64994200
2023-08-23,424.2630654264281,428.5322707675245,424.1181892276399,427.9140930175781,68441000
2023-08-24,429.5174382906836,430.0293538199984,421.95457682823127,421.9835815429687,88517300
2023-08-25,423.71247141677657,426.24307373449807,420.1580380770201,424.9584655761719,102325100
2023-08-28,427.1510130346191,428.27143803085545,424.95847475635645,427.6532897949219,61595400
2023-08-29,427.5470082557006,434.1150135078099,427.3634885979469,433.83489990234375,83081900
2023-08-30,434.17297483140425,436.25928035352985,433.4678714194492,435.6217956542969,69053900
2023-08-31,436.23991629050073,437.3796481914474,434.80076379653127,434.9842834472656,66084600
2023-09-01,437.7081084262502,438.1910487085467,434.337165211912,435.795654296875,58944100
2023-09-05,435.3513524787402,435.6700800917991,433.8445811734279,433.91217041015625,55166200
2023-09-06,433.10075987558594,433.2070220459065,428.6673724339583,430.9951477050781,70758500
2023-09-07,427.9913143596887,430.34806524877047,427.6436115119561,429.6719665527344,70355400
2023-09-08,429.72022009729625,431.85480770691146,429.3628490355431,430.3190612792969,61659700
2023-09-11,432.946283268193,433.4581987746905,431.23668532604137,433.1491394042969,60180100
2023-09-12,431.7003378706483,433.2264162204621,430.1935665209915,430.7730712890625,67565400
2023-09-13,430.99515498419896,432.4343073535069,429.89403717517325,431.2752685546875,60199300
2023-09-14,433.747962382289,435.6893621396805,432.4440178145085,434.9939270019531,83430800
2023-09-15,433.4072542770486,433.7368084981918,429.3168595859164,429.7530212402344,111848900
2023-09-18,429.4428625408151,431.30390776198857,428.9679210789831,430.0050659179687,55752200
2023-09-19,429.084142775809,429.6754234765873,426.42830474295727,429.11322021484375,66514600
2023-09-20,430.3733738455972,430.7901603921495,424.9647327603663,425.1683044433594,82562600
2023-09-21,422.3185567480477,422.5802537124664,417.98584063306095,418.1409301757813,104095800
2023-09-22,419.16839709834846,420.7677155797648,416.7839285170148,417.2007446289063,100829700
2023-09-25,415.9891824335371,418.9939504024325,415.5529911707951,418.9552001953125,70874500
2023-09-26,415.91154478605614,416.6191352673673,411.9665377992855,412.8001403808594,96168400
2023-09-27,413.97300260416256,414.5352059296986,409.3204343488608,412.9649353027344,104705800
2023-09-28,412.4124874162186,417.0359784928409,411.8212066146307,415.3591003417969,92258300
2023-09-29,418.4123608156291,418.5868254716406,412.8292551807975,414.3510437011719,115111300
2023-10-02,413.517407554199,415.4366073558171,411.4237431106989,414.1862182617187,83798600
2023-10-03,412.0053970277405,414.2444490832808,407.2752686675357,408.6419677734375,103760600
2023-10-04,409.107224446792,412.3640165843667,407.6435907050373,411.61767578125,87453000
2023-10-05,411.3268404794052,412.3058303467078,408.23484048426144,411.4625549316406,70142700
2023-10-06,409.01020458186457,417.8888806985832,407.68228557924346,416.34771728515625,113273300
2023-10-09,414.44797038266114,419.5852123041229,413.8954989431742,419.0133361816406,80374400
2023-10-10,419.64334789466267,423.7918973624895,419.245936455557,421.1942138671875,78607300
2023-10-11,422.2604472219357,423.1715503152822,419.8759785243393,422.9195556640625,62451700
2023-10-12,423.5302426681925,423.9082494629408,417.98591622949925,420.3412780761719,81154200
2023-10-13,421.8436377363804,423.0455744454242,416.6773479708049,418.2475891113281,95143100
2023-10-16,420.4963128780658,423.7143544966922,420.2539910016085,422.6481323242187,75433200
2023-10-17,419.5173488593283,424.6836681484373,419.1684195342952,422.6287536621094,75324700
2023-10-18,420.85499831559775,421.8145836033234,415.91162548795126,416.9972229003906,93559800
2023-10-19,417.7144811241096,419.52704410810907,412.6547989345063,413.3332824707031,121323000
2023-10-20,412.8971069121286,413.4399055549237,408.1475744172104,408.2542114257813,123919900
2023-10-23,406.7227000782813,411.4140774521023,404.9682921283619,407.5466003417969,92035100
2023-10-24,409.6693503095015,411.7727171708306,407.8180076603951,410.6192626953125,78564200
2023-10-25,408.93271643497314,408.9617938766799,404.21226147565824,404.7259826660156,94223200
2023-10-26,403.659822847272,404.512771066671,398.9587721877273,399.8795776367187,115156800
2023-10-27,401.46919469761593,401.8666061249316,396.6421322661675,398.0669860839844,107367700
2023-10-30,400.85854988329856,403.88272225418063,399.5597081383843,402.8262023925781,86562700
2023-10-31,403.39809925222016,405.67593098866274,401.4886015302207,405.3560791015625,79665200
2023-11-01,406.3253807943772,410.49330571448974,405.7922548569512,409.6791076660156,98068100
2023-11-02,413.4786898388463,417.6854240377106,413.4593147358308,417.53033447265625,94938900
2023-11-03,419.8372157670484,422.8904655764815,419.71120365505175,421.339599609375,100167800
2023-11-06,422.0956239774314,422.7547323706144,420.3605910898025,422.3088684082031,67831700
2023-11-07,422.308896123232,424.1505365569555,421.1651439105342,423.51080322265625,64256100
2023-11-08,424.1117888599285,424.6352124603762,421.5141051219166,423.8210144042969,61746000
2023-11-09,424.9647121167065,425.0034918992464,420.0891971681386,420.51568603515625,83174400
2023-11-10,422.5900126284226,427.3879684336076,420.5060206531149,427.0777893066406,89462200
2023-11-13,425.7402075090933,427.7756878254619,424.9550869115658,426.6707153320313,52236100
2023-11-14,432.61240832792026,436.2375341476565,432.3894615518305,434.9483947753906,97176900
2023-11-15,436.2859881913898,437.51700226405256,435.01622391603615,435.86920166015625,77327600
2023-11-16,435.4233538600023,436.7221956257719,434.3571316402488,436.40234375,66665800
2023-11-17,436.4120339907247,437.55581582516845,435.4912285306581,436.9451599121094,83133200
2023-11-20,436.6931403604103,441.1518692274426,436.6834380187307,440.30859375,69936200
2023-11-21,439.2617056622207,440.1825406267048,438.0791737195552,439.3489379882813,49244600
2023-11-22,441.0064463302394,442.3634429416601,439.9499264834794,441.0451965332031,59394900
2023-11-24,441.0936721606339,441.5104586886624,440.7641179584505,441.3165893554687,29737400
2023-11-27,440.68658238826873,441.5007803874619,440.1340813808599,440.5218200683594,50506000
2023-11-28,440.1340160416029,442.2567578452073,439.5718423566792,440.9579162597656,62115000
2023-11-29,443.10979527762873,444.2438747206066,440.2504147680835,440.6477966308594,63146000
2023-11-30,441.4910541020233,442.7317408428034,439.41676478055234,442.3827819824219,79752700
2023-12-01,441.7721644254671,445.5330047536573,441.1809132340256,444.9999084472656,89183400
2023-12-04,441.6073900887256,445.019271433423,440.3860783753154,442.6639099121094,72430900
2023-12-05,441.27787936550914,443.5363064434526,440.89984300542426,442.5767211914063,69793500
2023-12-06,444.718815610949,444.7478930540511,440.3570216637853,440.793212890625,69124700
2023-12-07,442.8771496276889,444.8060222628319,442.2761961180648,444.1566162109375,66995400
2023-12-08,443.4102636541943,446.5992278993257,443.16794177253433,446.0661315917969,83194400
2023-12-11,445.5717675539386,447.9756111721654,445.35852312344826,447.8011169433594,65002200
2023-12-12,447.4521722811235,449.9432481380579,446.45380738636266,449.8463134765625,68327600
2023-12-13,450.22434675999136,456.3017983886153,449.8657151135784,456.0497741699219,93278000
2023-12-14,457.9883386207796,459.1805728813377,454.83815428105993,457.5133972167969,119026000
2023-12-15,456.9158196636758,458.0934340813363,454.9109942306135,456.7601013183594,141553700
2023-12-18,458.3659310388596,460.31236579340026,457.30512766166345,459.3294067382813,70375300
2023-12-19,459.8744287176748,462.2004326198957,459.796584391768,462.12255859375,55761800
2023-12-20,461.2661017714052,463.1541458673366,455.2905624937439,455.7187805175781,102921000
2023-12-21,458.7065232314146,460.31235562864,456.2832215195996,460.0398559570313,86667500
2023-12-22,461.16881437336167,462.648123930447,459.0666907821435,460.9644470214844,67160400
2023-12-26,461.373187704544,463.8159432234597,461.2953136791012,462.9108581542969,55387000
2023-12-27,462.7064835048319,463.8938099220547,462.1712258143802,463.7478332519531,68000300
2023-12-28,464.1078873024159,464.7599262845027,463.5044973069674,463.9229736328125,77158100
2023-12-29,463.7283454487912,464.2538911563551,460.62377959337147,462.5799560546875,122283100
2024-01-02,459.5143743882812,460.9839423046435,457.8890881092371,459.9912414550781,123623700
2024-01-03,457.8305884500167,458.5702430716208,455.6311376387857,456.2345275878906,103585900
2024-01-04,455.75768568069975,458.3464474670466,454.54116395968543,454.7650146484375,84232200
2024-01-05,454.9694333616534,457.8404368275673,453.9378252017517,455.387939453125,86118900
2024-01-08,455.8841825939242,462.03492319132073,455.75765959014376,461.8889465332031,74879100
2024-01-09,459.232147251748,462.21019049238487,458.7260848325078,461.1883239746094,65931400
2024-01-10,461.4607928330298,464.66268658164086,461.1785514545196,463.7965087890625,67310600
2024-01-11,464.79894328451786,465.314747372644,459.61170706620095,463.5921630859375,77940700
2024-01-12,465.0421742136071,465.7818289024957,462.5020911902973,463.9132385253906,58026400
2024-01-16,462.531322425016,463.8451421871986,460.39023221216354,462.2101440429687,85014900
2024-01-17,459.1834252725011,460.1274473065962,457.28563952656407,459.6408386230469,68843900
2024-01-18,461.314802822399,464.28310409945385,459.7673906749951,463.7283630371094,91856200
2024-01-19,464.8572992191645,469.7915187143467,463.7770421286305,469.50927734375,110834500
2024-01-22,471.04701358634367,472.2245984500442,469.8499453644099,470.50201416015625,75844900
2024-01-23,471.04699545665005,472.1175109095896,469.9569966462272,471.8742065429687,49945300
2024-01-24,474.745153487513,475.6794338281553,471.89363377790727,472.3899841308594,81765000
2024-01-25,474.52132983790426,475.23178923650255,472.3900110425858,474.9592895507813,72525000
2024-01-26,474.5310679998513,476.02008943226616,473.5092016110277,474.35589599609375,76641600
2024-01-29,474.66734997690736,478.2585246858996,474.1223505896568,478.1125183105469,61322800
2024-01-30,477.421527922976,478.4531359964777,476.983568210537,477.7427062988281,58618400
2024-01-31,475.533524505223,475.9811962338904,469.92778226707486,469.947265625,126011100
2024-02-01,471.6503810358882,476.1271872790658,470.8425939142762,476.0979919433594,91891600
2024-02-02,476.5358823208618,482.7644675885541,476.195250299141,481.1100158691406,99228200
2024-02-05,480.477500272512,481.1392810563577,477.1004342987586,479.3582763671875,75757100
2024-02-06,480.3022070902884,481.0807987761819,478.87157642395977,480.7499084472656,55918600
2024-02-07,482.9980614391983,485.1780588645302,482.092946704362,484.7595825195313,70556500
2024-02-08,484.7595848352,485.3532331832338,483.94208579679537,484.97369384765625,52343600
2024-02-09,485.47980263839474,488.2145413726089,485.1391705814137,487.776611328125,63979400
2024-02-12,487.7474442249218,490.0150280093711,486.8423293467821,487.5625305175781,56502300
2024-02-13,481.2851887040555,483.7766228154562,477.57723287028176,480.8472290039063,113099200
2024-02-14,483.4846542902519,485.7035886541278,481.158650574048,485.2169799804687,68387800
2024-02-15,485.91772783399097,488.74979405458623,485.4408311080291,488.56488037109375,61683000
2024-02-16,488.2631537811176,489.4018014424359,485.3921507337757,486.1318054199219,75532900
2024-02-20,484.3898163747004,485.06133882722617,481.20740583464766,483.4555358886719,71736700
2024-02-21,482.1513947924328,484.0491509708409,480.3411949189208,483.8934326171875,59293400
2024-02-22,490.5113479557442,494.87134322560775,489.5478424615369,493.9078674316406,76402500
2024-02-23,495.6304262293698,496.4674086571224,493.51856105397593,494.24847412109375,61321800
2024-02-26,494.6863927584272,495.1243524687158,492.3117399253592,492.4382629394531,50386700
2024-02-27,493.1292673855463,493.57693907250416,491.2314815795864,493.3530883789063,48854500
2024-02-28,491.7959045901359,493.2849259300133,491.435818926933,492.7010192871094,56506600
2024-02-29,494.4626085780751,496.0878651256629,491.8154558638112,494.4723205566406,83924800
2024-03-01,495.3482154895911,499.54275051356746,494.9394511031337,499.1145324707031,76844800
2024-03-04,498.316586851918,500.4284522024736,498.28736181458015,498.5793151855469,49799300
2024-03-05,496.5744479650044,497.0221493633574,491.3872121731412,493.5964050292969,72855600
2024-03-06,496.87609616392615,498.3554055143098,494.8031681983377,496.0975341796875,68382400
2024-03-07,499.39677730974256,502.0731250869525,496.155946823752,501.0220336914063,58652100
2024-03-08,501.6546542384204,504.340684322384,497.4406063327474,498.0148010253906,86532500
2024-03-11,496.8080772887865,498.17057584105015,494.8810959575729,497.5866394042969,62557200
2024-03-12,499.6985003866654,503.5232377514132,497.1778411114309,502.9393310546875,73114400
2024-03-13,503.2604525888654,503.4356245987712,500.7106276661075,502.1509704589844,55104100
2024-03-14,503.1242146399968,503.2799627018452,498.1121802332152,501.1583557128906,110171800
2024-03-15,498.0880174407595,499.5426370968139,496.0476768950372,497.717041015625,107646300
2024-03-18,501.7880086848295,503.2328266854258,500.26507469946,500.6750793457031,88893300
2024-03-19,499.9819506807113,503.7404554386333,498.9763936514032,503.4573669433594,60755300
2024-03-20,503.5159556369905,508.2507017437704,502.8423468084039,508.114013671875,69594600
2024-03-21,510.9548812333678,511.65774627628207,509.51000378121233,509.7931518554687,60256100
2024-03-22,509.7053025616341,510.19342318455074,508.5923732409752,508.8267211914063,79070800
2024-03-25,507.4501546887545,508.5728558825149,507.2646664806993,507.4208984375,48512100
2024-03-26,508.8461906755672,509.1879108526766,506.0834709315648,506.4837036132813,65463700
2024-03-27,509.31483823022427,510.7792000886694,507.1475516955064,510.7401123046875,82999800
2024-03-28,510.7792051650659,512.1459071621757,510.359428578344,510.64251708984375,96294900
2024-04-01,511.3844857097183,511.92140649600015,508.59239036798215,509.7541198730469,62477500
2024-04-02,505.9272505110376,506.6496594947848,504.2090563956192,506.5130310058594,74230300
2024-04-03,505.41957743973774,508.5728771082824,505.3707772955882,507.0694274902344,59155800
2024-04-04,511.081829234757,511.4234898322038,500.57746403679687,500.8800964355469,96858100
2024-04-05,502.23705258109646,508.0749556966803,501.797732138629,506.1127014160156,74546500
2024-04-08,506.8156491443553,507.8211466086966,505.5855756833857,506.3958129882813,48401800
2024-04-09,508.1335553906493,508.3776156958321,502.12964804913753,506.9815979003906,68049200
2024-04-10,501.2803731405352,503.8966927238286,499.9234429924939,501.9051818847656,82652800
2024-04-11,503.42801505622447,507.13771940586537,499.9135708481498,505.6929016113281,70099000
2024-04-12,502.1491879340928,503.56474960986543,496.9848635757255,498.71282958984375,92561100
2024-04-15,502.8911540643935,503.0570983911642,491.6155498817616,492.46490478515625,92101400
2024-04-16,492.94324564322153,494.4661795680653,490.27809637848605,491.5667419433594,73484000
2024-04-17,494.0268276061939,494.1928017122706,487.26148351067934,488.6575012207031,75910300
2024-04-18,490.0535522630773,492.1524648158817,486.714794359639,487.6519775390625,74548100
2024-04-19,487.5739720999012,488.5697275309103,482.12652879623903,483.3956604003906,102212600
2024-04-22,486.00221013520326,490.4441260798556,483.65923689240304,487.8473205566406,67961000
2024-04-23,489.85833417865257,494.0659315908711,487.6617913619136,493.6363830566406,64633600
2024-04-24,494.5247711017317,495.3155241402407,491.1762707245871,493.402099609375,55928100
2024-04-25,487.32005193688127,492.2891158339402,485.67020200378414,491.5276489257813,69122400
2024-04-26,494.3197324417275,497.765862650216,493.68518162682494,496.1843566894531,64306100
2024-04-29,497.9708754000778,498.6151981739951,495.19835393785416,497.9415893554687,46415400
2024-04-30,496.4772431240589,497.4534843650284,490.0535888671875,490.0535888671875,77483600
2024-05-01,489.4678380773352,496.1160385437577,487.9937042701267,488.4623107910156,80242800
2024-05-02,492.17196991555153,493.8706497758126,487.6812546661218,493.0310668945313,62550200
2024-05-03,499.01550940056416,500.3724693233871,496.4772760472205,499.1424255371094,72756700
2024-05-06,501.54389828336633,504.3359337135483,501.1045778423161,504.2969055175781,47264700
2024-05-07,505.2634287213709,506.2494419365131,504.1798152133592,504.8534240722656,52561300
2024-05-08,503.018083190491,505.439142457846,502.9009390056215,504.9022216796875,42047200
2024-05-09,505.08764898476056,507.8504281122988,504.43358410061904,507.8113403320313,43643700
2024-05-10,509.4124099670415,510.2227068337735,507.2451831388354,508.4654846191406,52233200
2024-05-13,510.1447272479839,510.25209950654994,507.3917192221647,508.5339050292969,36716400
2024-05-14,508.7289730186736,511.384379730676,508.1920523436628,510.866943359375,57535900
2024-05-15,513.3369504006804,517.4859756907869,512.7023697575905,517.193115234375,59504900
2024-05-16,517.2906967075278,518.8917465910545,515.9825072697596,516.1289672851562,50244800
2024-05-17,516.2460410203236,516.9391936348987,514.7914513506761,516.870849609375,59187600
2024-05-20,516.9880819887991,518.930792527948,516.5975616577482,517.4664306640625,37764200
2024-05-21,516.7049349793422,518.8917055815594,516.4999028909981,518.7354736328125,33437000
2024-05-22,518.0425295031816,518.7551666672649,515.0649455262945,517.2420043945312,48390000
2024-05-23,520.2974940619036,520.4048662857896,512.2532170997966,513.4638061523438,57211200
2024-05-24,515.3089561408403,517.6715030328614,514.3620306627067,516.8612060546875,41291100
2024-05-28,517.6715045678355,517.9057929513657,514.5865486245773,517.222412109375,36269600
2024-05-29,513.1904592530791,514.7817371522767,512.8878268689698,513.6004638671875,45190300
2024-05-30,512.058043918065,512.7218807717095,508.9438321636688,510.1933898925781,46377600
2024-05-31,511.1501711708498,514.9672481577884,506.0443890267406,514.84033203125,90785800
2024-06-03,516.4511159966606,516.7342044816085,510.1836048668509,515.2600708007812,46835700
2024-06-04,513.9519213593795,516.5780123549347,512.4875596797398,515.8360595703125,34632700
2024-06-05,518.1594924481877,521.9863407636332,516.1679225284454,521.966796875,47610400
2024-06-06,522.2695576901561,522.6991062505612,520.0242145910106,521.9571533203125,30808500
2024-06-07,520.9808506310355,524.1341502130953,519.8874652579173,521.3225708007812,43224500
2024-06-10,520.5122904328304,523.255525898201,519.916797584573,522.933349609375,35686100
2024-06-11,521.3811694677967,524.2513211148034,519.4091430834137,524.1927490234375,36383400
2024-06-12,528.7615289974312,531.1923600659605,527.4631115100716,528.4979248046875,63251300
2024-06-13,530.2453924252503,530.4211086780596,526.7699763935087,529.56201171875,44760900
2024-06-14,528.0293342324846,529.9134725597781,527.0237772162169,529.8842163085938,40089900
2024-06-17,529.2008114818414,535.49757872361,528.7419471638832,534.1015014648438,55839500
2024-06-18,534.1600786870761,535.5854122094039,533.7403021449248,535.45849609375,41376400
2024-06-20,536.385998334327,537.0498352385172,532.2272010481894,534.0039672851562,70328200
2024-06-21,533.1803062748603,534.4045446160707,531.828742363983,533.2880249023438,64338600
2024-06-24,533.1117619254674,535.6777608035513,531.4369822915095,531.5545043945312,45528700
2024-06-25,532.7787868983022,533.9638712753774,531.2607431275164,533.6015014648438,37936200
2024-06-26,532.4848968900385,534.9823310545671,531.8385253727439,534.2673950195312,38550600
2024-06-27,534.1302894973802,535.6875469780335,533.3859430174333,535.1096801757812,35041500
2024-06-28,535.8833782760337,538.9391321933387,531.7601817698417,533.0039672851562,76144500
2024-07-01,534.3849539324244,534.6298016081159,531.3390631933655,534.1009521484375,40297800
2024-07-02,532.4947501316359,537.6953125,532.4457925507478,537.6953125,40434800
2024-07-03,537.381917105902,540.457218430894,537.3427629954197,540.0948486328125,32789900
2024-07-05,540.3983822148235,543.6107523683424,539.7617544001083,543.209228515625,41488400
2024-07-08,543.9927968223914,544.786100933334,542.7685583933277,543.8361206054688,36110500
2024-07-09,544.795863484972,545.6968861634513,544.0711239537649,544.3649291992188,27289700
2024-07-10,545.5892370725392,550.0944108163902,545.2954317896393,549.7516479492188,38701200
2024-07-11,549.869152242232,550.7408243676441,544.3747844096212,545.0113525390625,53054200
2024-07-12,546.1376269625789,552.0531251206323,545.667538567234,548.448974609375,53084400
2024-07-15,550.4469096394806,553.1989947445371,548.0963483653211,549.9572143554688,40584300
2024-07-16,551.2696499606263,553.5124331903285,550.51549997726,553.2186279296875,36475300
2024-07-17,547.2835053633577,548.9582849622979,545.1386373621594,545.4618530273438,57119000
2024-07-18,546.9994291163081,547.9886231424467,539.0859366844549,541.2699584960938,56270400
2024-07-19,541.0350233261719,542.6608454522978,536.6179614633988,537.6757202148438,65509100
2024-07-22,541.6030975244146,543.8263337080781,539.6639229224022,543.2191162109375,43346700
2024-07-23,543.1112299862826,545.2659012148495,541.8772480700306,542.366943359375,34439600
2024-07-24,537.5483166712224,537.8519253696913,529.1549319575545,530.0755615234375,74515300
2024-07-25,530.1930703849662,536.1771923025162,526.373482961852,527.3136596679688,61158300
2024-07-26,531.1040247828195,535.9128068838628,530.3302678617441,533.219482421875,53763800
2024-07-29,534.767000996549,535.7757424689108,531.5349634304656,533.532958984375,39515800
2024-07-30,535.0019870020752,536.059745722708,527.4215123549488,530.8297729492188,46853600
2024-07-31,537.665950025587,542.0928156342903,536.2948387521341,539.458251953125,65663400
2024-08-01,541.1819427118934,543.4345294348678,528.3127341764186,531.8189697265625,76428700
2024-08-02,524.7085367838448,525.9229716163323,517.705869778205,521.9172973632812,82789100
2024-08-05,501.0955002341847,512.7894282399624,499.7537097933837,506.7171936035156,146267400
2024-08-06,508.51921810050686,518.8322310175004,507.19706454680966,511.3888854980469,84826300
2024-08-07,517.5785847252098,520.63433876445,507.3733501679388,507.97076416015625,70698300
2024-08-08,513.1124202190701,520.3403264639543,511.08513460790016,519.7135620117188,63276600
2024-08-09,518.8909769209239,523.4941251002426,517.6667385635127,522.0054321289062,45619600
2024-08-12,523.2002926739822,524.6889257907327,520.0074696393324,522.2796630859375,42542100
2024-08-13,525.4725041133277,531.1040004577378,525.2276564461794,530.868896484375,52333100
2024-08-14,531.6622865517797,533.7288466275766,528.9885687226673,532.5437622070312,42446900
2024-08-15,538.1752594686596,541.9556937145602,537.5680419380651,541.6716918945312,60846800
2024-08-16,540.0556546584454,543.5814973816967,539.8989784334714,542.8861083984375,44430700
2024-08-19,543.297472122438,548.076904296875,542.4454068572301,548.076904296875,39121800
2024-08-20,547.6263456901657,549.2815184001456,545.8438474042439,547.1856079101562,33732300
2024-08-21,548.2335208659752,550.5252615016209,543.2973537542563,549.0659790039062,41514600
2024-08-22,550.9659542858195,551.5731716544135,543.542157059687,544.756591796875,56121500
2024-08-23,547.9985298599797,551.4851585059275,545.8046443878154,550.544921875,50639400
2024-08-26,551.5732410031779,552.2881770773529,547.528352675827,549.2324829101562,35788600
2024-08-27,547.9592873998898,550.476328645617,546.8134170306081,549.9866333007812,32693900
2024-08-28,549.6439450462528,550.0748793992682,543.601060631449,546.7938842773438,41066000
2024-08-29,548.7623394799141,552.0628809883677,545.6968421488655,546.8427124023438,38715200
2024-08-30,549.2128659703031,552.5721684331874,545.6576734390724,552.0628662109375,62700100
2024-09-03,548.919006824782,549.2520259222431,538.1849243812507,540.7019653320312,60600100
2024-09-04,538.8607938634791,543.0035975400444,538.1360542845994,539.5953369140625,47224900
2024-09-05,539.5365467142444,542.3865472945482,535.8246177750381,538.2828979492188,44264300
2024-09-06,538.6060276735342,540.2317896429337,528.3224271617227,529.2234497070312,68493800
2024-09-09,533.4251264283236,536.4220593419303,531.495695817922,535.1488037109375,40445800
2024-09-10,537.0586665381934,537.8324234437913,532.1813200114981,537.4797973632812,36394600
2024-09-11,537.3916883108078,543.9144040618945,528.8318231688719,542.9937744140625,75248600
2024-09-12,543.5716351743016,547.8711746400817,541.3483991843773,547.5675659179688,51819600
2024-09-13,548.1748423305235,551.4264269369157,547.9201911599521,550.4274291992188,39310500
2024-09-16,550.1629906749666,551.5047513186543,548.3609450381223,551.2403564453125,36656100
2024-09-17,553.4537083801224,554.9032473896473,549.2325364902464,551.465576171875,49321000
2024-09-18,552.1216967889254,556.9696926491016,549.2716961893568,549.8299560546875,59044900
2024-09-19,559.2419348303403,561.0733907935877,556.3723270388496,559.2125244140625,75315500
2024-09-20,557.8430941207945,559.2871857073619,555.2200568119598,558.245849609375,77503100
2024-09-23,559.3166610051752,560.2892222272916,558.0984411315784,559.6408081054688,44116900
2024-09-24,560.4365555490466,561.3010677532865,557.6072537825559,561.2421264648438,46805700
2024-09-25,561.0850037974096,561.8217999280521,558.8942225290759,560.0043334960938,38428600
2024-09-26,564.2679463720303,564.5921534543987,559.8668367278948,562.2245483398438,48336000
2024-09-27,563.295359810012,564.1107043094071,560.3776161208616,561.4091186523438,42100900
2024-09-30,560.3775886747461,564.2678934162012,558.078818569817,563.6588134765625,63557400
2024-10-01,563.3051897855821,563.9535439565005,556.035444442894,558.6093139648438,72668800
2024-10-02,557.7153138155387,559.8667605957481,555.3182683616095,558.8450317382812,38097800
2024-10-03,557.3714411111998,559.7684865712154,555.5343678239607,557.8233642578125,40846500
2024-10-04,562.2736036088263,563.2658318866675,558.0984259775333,562.8925170898438,42939100
2024-10-07,561.2421538745174,561.8905680396737,556.6543868115797,557.8037719726562,49964700
2024-10-08,560.3775771285751,563.6784689445017,559.5032914013763,563.0791625976562,37398700
2024-10-09,563.0693978961492,567.5393423690588,562.4701514366566,566.9793701171875,37912200
2024-10-10,565.6334738441669,567.4116060358193,564.3759797176003,565.9871215820312,44138100
2024-10-11,565.9085213296812,570.1131999200273,565.7709716649979,569.3764038085938,42268000
2024-10-14,570.9874382986001,574.9661849382893,570.5060744728205,574.0328979492188,36217200
2024-10-15,574.2981924836022,574.6027324678581,568.3546560789198,569.5728759765625,54203600
2024-10-16,569.5729286407808,572.5692210133667,568.7673576490918,572.0485229492188,30725400
2024-10-17,575.594918349773,575.801242846272,571.9109378019983,572.0975952148438,34393700
2024-10-18,573.787292295603,575.0840605235142,572.3235337539761,574.2981567382812,37416800
2024-10-21,573.5711395635755,574.5535342943244,570.378356688641,573.3550415039062,36439000
2024-10-22,570.8204817447413,574.2097557683464,570.1622940232531,573.050537109375,34183800
2024-10-23,571.0267810694698,571.4688706983893,564.3071746074978,567.8143310546875,49314600
2024-10-24,569.7693209618997,569.8479293354313,566.4193810527883,569.0423583984375,34979900
2024-10-25,571.2723100723214,574.1703862188206,567.9027036914881,568.8457641601562,47268200
2024-10-28,572.3236221809337,572.451338311336,570.2998911399899,570.6044311523438,30174700
2024-10-29,569.6415908764491,572.6477165136779,568.2466070737139,571.52783203125,42899700
2024-10-30,571.0562623128328,573.0505525749719,569.0914726763393,569.798828125,41435800
2024-10-31,565.4271221936206,565.4958970216722,558.4324763422399,558.6289672851562,60182500
2024-11-01,561.2617936558026,565.4173043933644,560.5741053167588,560.9866943359375,45667500
2024-11-04,561.1241962515347,562.4209644478059,557.892139281839,559.7783203125,38217000
2024-11-05,560.6919638738422,566.586332309216,560.4758658123077,566.5470581054688,39478300
2024-11-06,578.8271314133249,581.5090505083735,575.0842089560224,580.6347045898438,68182000
2024-11-07,582.6387178727699,586.145874462509,582.5601095007273,585.1241455078125,47233200
2024-11-08,585.6742957423695,589.0832369047557,585.6742957423695,587.6587524414062,46444900
2024-11-11,589.2501303160354,589.6037779981073,586.4896037587446,588.2186279296875,37586800
2024-11-12,588.1400498376755,588.739296212128,583.9059310932324,586.3914184570312,43006100
2024-11-13,586.8531544283672,588.6803942959151,584.4856094336134,586.6763305664062,47388600
2024-11-14,586.804069200042,587.2854330583992,582.2163022724781,582.9039306640625,38904100
2024-11-15,579.3378226480269,579.8094129170865,573.5810036102117,575.437744140625,75988800
2024-11-18,575.8993966406199,579.1118465214918,575.0349444617987,577.7954711914062,37001700
2024-11-19,574.4161003090796,580.6346163861505,573.7480790226593,579.9076538085938,49412000
2024-11-20,579.9862433981077,580.3889988810581,574.3374733314436,580.1041259765625,50032600
2024-11-21,582.953055915256,584.6427460672937,577.1077952881657,583.21826171875,46750300
2024-11-22,583.2084127301733,585.6546259064262,582.7074417987914,585.02587890625,38226400
2024-11-25,588.9653319760873,590.281707390563,584.7213793724078,587.0103759765625,42441400
2024-11-26,588.2579731618996,590.7434606979054,587.5408441710033,590.075439453125,45621300
2024-11-27,589.8887838542881,590.2718722436573,586.7647756879834,588.2874755859375,34000200
2024-11-29,589.1028202958577,592.7278593888155,588.8277809402925,591.9419555664062,30177400
2024-12-02,592.3545765627109,593.6808455477146,591.8633791521069,593.0029907226562,31746000
2024-12-03,592.7671496331845,593.5235527754064,591.735647195163,593.2779541015625,26906600
2024-12-04,594.9676840777096,597.2075127280552,594.2996629026728,596.9619140625,42787600
2024-12-05,596.9620090763937,597.7675800229049,595.6259665136723,595.9796142578125,28762200
2024-12-06,596.7458327264936,598.3471408675985,596.3332437457798,597.1093139648438,31241500
2024-12-09,596.9914414878755,597.1584317989794,593.445010988573,594.034423828125,34742700
2024-12-10,594.7123228135097,595.134745373381,591.529373321926,592.1875610351562,37234500
2024-12-11,595.115147903942,597.7184581352288,594.8400485801485,596.7655639648438,28677700
2024-12-12,595.901123418652,596.4708692968294,593.6907348632812,593.6907348632812,31543800
2024-12-13,595.7242008087076,596.4413297893211,592.1973772710232,593.57275390625,35904700
2024-12-16,595.3312295236393,597.0799209921157,594.5551592425911,596.1072998046875,43695200
2024-12-17,593.5530906608857,594.5158183353977,592.2759894688432,593.6513061523438,55773500
2024-12-18,593.3467745348553,595.7339866328443,575.5752867073982,575.9584350585938,108248700
2024-12-19,580.948961299734,582.5601031255708,575.5359564813775,575.7815551757812,85919500
2024-12-20,573.4513839180992,587.231466902458,572.6036351958548,582.697265625,125716700
2024-12-23,582.440932357683,586.7878476994515,579.2570769218985,586.1865844726562,57635800
2024-12-24,587.5369625170155,592.7414929129372,586.9553724289615,592.7020263671875,33160100
2024-12-26,590.9278604962976,593.8652307760627,589.5281816588665,592.7415771484375,41219100
2024-12-27,588.9958066290322,589.2324254266508,582.31278453499,586.5020141601562,64969300
2024-12-30,579.4839049805771,583.278830614674,576.0536238226567,579.8091430664062,56578800
2024-12-31,581.4749602926895,582.194563069081,576.0634704063194,577.6997680664062,57052700
2025-01-02,580.9624149327,582.6775253068124,572.1995172748154,576.2803344726562,50204000
2025-01-03,579.129057366777,584.1265095290074,578.0447499447286,583.48583984375,37888500
2025-01-06,587.7440065436294,591.1249540533898,585.1121413237427,586.8469848632812,47679400
2025-01-07,588.877548048508,589.2028462645713,578.3897338233832,580.2132568359375,60393100
2025-01-08,580.282291853868,582.1354148697908,576.8323377526707,581.0609741210938,47304700
2025-01-10,577.5025797313914,577.5715860296085,570.2773736421228,572.1896362304688,73105000
2025-01-13,567.5372072518853,573.4316812597856,567.1231694250464,573.0768432617188,47910100
2025-01-14,576.0042498383493,576.635112947905,570.0801769152397,573.8652954101562,48420600
2025-01-15,581.8889752343268,585.4473419377294,580.7751281246863,584.303955078125,56900200
2025-01-16,585.6740294157521,585.8514484014332,582.4803673486446,583.1802368164062,43319700
2025-01-17,588.4242094250709,590.7898562052613,587.0934767089387,589.0353393554688,58070600
2025-01-21,592.0810894520482,594.4369296257112,590.1096871636119,594.4270629882812,42532900
2025-01-22,597.2560318658977,599.1288881406504,596.7040416210903,597.7686157226562,48196000
2025-01-23,597.1377185948221,601.03125,596.8617535693179,601.03125,41152100
2025-01-24,601.0903888692611,602.0465502262632,598.1234189150732,599.2766723632812,34604700
2025-01-27,586.3049484329972,591.1151752666312,586.1373960687419,590.7997436523438,70361100
2025-01-28,592.0318399526346,596.7139205737208,588.7100317776161,595.8760986328125,44433300
2025-01-29,595.0875580249451,595.4917292475947,590.651902189354,593.2048950195312,37177400
2025-01-30,595.3241578254683,597.9263634423098,592.130435189581,596.388671875,39281300
2025-01-31,598.8134358374799,601.2382822731704,592.4556515232641,593.2146606445312,66566900
2025-02-03,584.1954832564219,591.7065212004032,582.0466619706364,589.2225952148438,65857200
2025-02-04,589.2817005882882,593.6877555909119,588.7395770202528,593.1752319335938,33457800
2025-02-05,592.0515554519985,595.7282015036632,590.021013481686,595.580322265625,30653100
2025-02-06,597.3250313642651,597.778475552574,594.013089933138,597.6503295898438,35771500
2025-02-07,598.2122352633725,599.4344951653416,591.4700123634921,592.1797485351562,50788500
2025-02-10,595.3930719758379,596.8420237335293,594.1214790365186,596.2012939453125,26048700
2025-02-11,593.9343010016065,597.1969698690995,593.8160216596527,596.6548461914062,30056700
2025-02-12,590.6321148502618,595.9055917033094,589.9519786805068,594.7326049804688,45076100
2025-02-13,595.8366046698266,601.2185545419917,594.5749384975967,601.0115356445312,40921300
2025-02-14,601.2185532755497,602.2535274358258,600.360998100256,600.9819946289062,26910400
2025-02-18,602.1450746766837,602.746337890625,599.6808220007749,602.746337890625,26749000
2025-02-19,601.3566081495158,604.4615308486234,600.8440242708047,604.1658325195312,31011100
2025-02-20,602.7956695963146,602.9336821985821,598.3403412349714,601.6522827148438,36554000
2025-02-21,601.435409514207,601.5734221193063,590.8982614234848,591.361572265625,76519800
2025-02-24,593.4118748152965,594.4074426853949,587.960918125522,588.670654296875,50737200
2025-02-25,588.6114660308307,589.3408752561445,581.129967827771,585.7430419921875,58266500
2025-02-26,587.4088964020577,591.0067297705009,583.3970853838995,586.0387573242188,43321600
2025-02-27,588.3157098294636,589.4690234968429,576.290203877955,576.6844482421875,74196700
2025-02-28,577.1871598716435,586.2161558854355,574.1117771132394,585.6838989257812,88744100
2025-03-03,587.6552532272791,588.7987001526899,571.6080711867788,575.4227294921875,74249200
2025-03-04,571.4208567458912,577.0196322682823,564.0675042327628,568.611572265625,109648200
2025-03-05,568.4440493526719,576.5169448984452,564.8856823224501,574.7229614257812,71230500
2025-03-06,567.2513477016495,571.874289065213,561.9680033325571,564.52099609375,80094900
2025-03-07,562.7368186254731,569.1340095542192,557.5421542389136,567.6849975585938,81158800
2025-03-10,559.4741670846696,561.3962362827218,547.6457527585567,552.5643920898438,99326600
2025-03-11,551.4012280579012,555.9551623983707,544.1267490127518,547.970947265625,88102100
2025-03-12,554.1316472627199,555.0582088315019,545.7729200294035,550.8788452148438,69588200
2025-03-13,550.5042540653316,551.1153839968962,541.8202288918889,543.5353393554688,74079400
2025-03-14,548.1582415612112,555.7678855775432,543.6043071486545,554.762451171875,62660300
2025-03-17,554.742702735982,561.5637976935186,554.3089918436672,559.0404052734375,49008700
2025-03-18,556.7240271713574,556.9409127203818,551.0661118946721,552.9981079101562,66041400
2025-03-19,554.7821880592443,562.7860764826731,553.5993346617712,559.0206909179688,66556000
2025-03-20,555.2750866351008,562.4115538615378,554.5554838320709,557.4041748046875,62958200
2025-03-21,552.9413897854555,558.4877939738346,551.7055567482902,557.5880737304688,83763000
2025-03-24,564.330814416075,568.6315498078424,563.7376386657547,567.5736694335938,58766800
2025-03-25,568.7797068467552,569.8771119506348,567.1879685958952,568.9379272460938,38355700
2025-03-26,568.6709866041082,569.7980806984394,560.7616559941828,562.1458129882812,51848300
2025-03-27,560.7517355574175,564.4296055114135,558.5371327368356,560.6528930664062,42164200
2025-03-28,559.120558969836,559.8521624781242,548.7790863172526,549.3623657226562,71662700
2025-03-31,543.5984615291653,554.3551567474991,540.6719872727307,553.0501098632812,95328200
2025-04-01,551.1321177898429,556.5598868781194,547.4048260096515,554.6121826171875,54609600
2025-04-02,548.7593065231022,560.9891058051336,548.5220362276616,558.1220092773438,76014500
2025-04-03,538.931968079745,541.759539717793,530.6173095703125,530.6173095703125,125986000
2025-04-04,517.7349036725598,519.9099817661254,499.3358369172059,499.5533447265625,217965100
2025-04-07,483.64569927250346,517.2405628900261,476.33944038650816,498.6635437011719,256611400
2025-04-08,515.9454474877983,519.0300819148135,483.6160734043612,490.8531188964844,165816600
2025-04-09,487.8475554203815,542.4021606445312,487.4619610383351,542.4021606445312,241867300
2025-04-10,526.1385259148457,527.4534689848499,503.5475251856576,518.6345825195312,162331200
2025-04-11,517.0823135223206,530.3501968917485,514.1756325109097,527.888427734375,97866300
2025-04-14,537.883883195208,538.1113174755011,527.8093712828247,533.009765625,68034000
2025-04-15,533.5535570239268,537.0732068479572,530.7259857198238,531.5169067382812,56892900
2025-04-16,525.6540605978519,531.7936996877118,514.3931376127902,519.7022705078125,83484800
2025-04-17,521.6599483491107,525.1499093262158,517.9721816819745,520.44384765625,79868100
2025-04-21,515.2533374613439,515.7872559194974,502.6972926989157,508.0558776855469,69368100
2025-04-22,514.2449494916972,523.3011070538847,513.305704354498,521.2743530273438,75948100
2025-04-23,534.3049739114415,539.2483058984949,527.8292210770832,529.3517456054688,90590700
2025-04-24,530.6370434198044,541.2256831290485,529.3814780255258,540.4940795898438,64150400
2025-04-25,540.454522631326,544.804618673288,537.5280483044934,544.3992919921875,61119600
2025-04-28,545.1407910444296,547.2762839575454,538.8429907853031,544.6068725585938,47613800
2025-04-29,542.6888178923871,549.1547344204944,542.3329124899421,548.0375366210938,47775100
2025-04-30,541.3640295279456,550.2126052496137,535.382610300473,548.2550048828125,93101500
2025-05-01,554.0189932525213,557.6770710508032,551.5374308999284,552.1405029296875,63186100
2025-05-02,558.3295262045715,561.9381825044319,556.006184429092,560.3365478515625,60717300
2025-05-05,556.1940033222468,560.2277786911415,555.3338684753841,557.1233520507812,38659200
2025-05-06,551.6066009560054,556.9651555946843,550.6476235760448,552.4667358398438,48264700
2025-05-07,553.8014947566288,557.4298834610689,549.738030089525,554.7901611328125,55588000
2025-05-08,558.8338365158501,563.8463828556478,555.3339788688671,558.6558837890625,65130800
2025-05-09,560.0596697605964,561.068128702691,556.381860066797,557.9439697265625,37603400
2025-05-12,574.8798371188,576.3925257137258,570.5000520977247,576.3826293945312,78993600
2025-05-13,576.7978469712151,582.4036289948938,576.234360216526,580.1890258789062,67947200
2025-05-14,581.1479585868793,582.3046813078995,578.9036666864055,580.9304809570312,66283500
2025-05-15,578.9234551699535,584.2721134769878,578.4686469334371,583.7679443359375,71268100
2025-05-16,584.5489375445604,587.7621029517821,582.6012939394769,587.4655151367188,76052100
2025-05-19,581.4346564328234,588.7903364922698,581.4346564328234,588.108154296875,68168500
2025-05-20,586.3681900028125,587.3172711404261,582.9176935296509,586.130859375,60614500
2025-05-21,581.7708648204313,585.8639582409971,575.2258980125081,576.2540893554688,95197700
2025-05-22,576.0563267018498,579.971467292194,574.8204937262445,576.4815063476562,70860400
2025-05-23,569.4519785383726,575.215919785119,569.0762805285291,572.5465087890625,76029000
2025-05-27,579.4276923460704,584.6082943415249,571.8742669840636,584.4501342773438,72588500
2025-05-28,584.8555180607121,586.051826179252,580.3373051792158,581.0689086914062,68445500
2025-05-29,586.3385054465637,586.4769332279744,579.4277368161022,583.3626098632812,69973300
2025-05-30,582.2552747565533,584.430352826958,576.6297607292682,582.7100830078125,90601200
2025-06-02,581.0985213264464,586.0714814983527,578.4291102147669,585.992431640625,61630500
2025-06-03,585.6266079138771,590.3128764026674,585.1421107506463,589.3341064453125,63606200
2025-06-04,590.1943197189499,591.1730898063917,588.7409487228937,589.1759643554688,57314200
2025-06-05,590.8567224193788,592.2111905987847,584.3512804244928,586.32861328125,92278700
2025-06-06,591.8749474768216,594.0203968199735,590.0953601848463,592.3495483398438,66588700
2025-06-09,592.9229477814916,594.4356362447949,591.7069074945726,592.8834228515625,53016400
2025-06-10,593.4173023897237,596.6304681071312,592.3001649023746,596.2449340820312,66247000
2025-06-11,597.3423765043648,598.2025114763902,592.4781545343917,594.54443359375,73658200
2025-06-12,593.2096852350186,596.9072875976562,592.7252483956809,596.9072875976562,64129000
2025-06-13,591.7168252456129,595.0288334634262,588.731033484191,590.2338256835938,89506000
2025-06-16,593.5952983788304,597.5993850121447,593.4172853343232,595.8494262695312,79984100
2025-06-17,593.4074922933922,594.9300168530282,589.9965810836336,590.7578735351562,82209400
2025-06-18,591.6574895866379,594.4059506456396,589.7097855095001,590.6688232421875,76605000
2025-06-20,593.3471688844512,594.4181022000307,587.8735769623825,589.2816772460938,94051400
2025-06-23,590.0351069773628,595.4888465716903,586.9116378864132,595.1021728515625,87426000
2025-06-24,599.2470472798032,602.737399696003,598.3347417480489,601.6764526367188,67735300
2025-06-25,602.7968833801484,603.4910078317407,600.4468221319722,602.0135498046875,62114800
2025-06-26,603.8679120398481,607.1599955272326,603.2531315625092,606.7236938476562,78548400
2025-06-27,607.7252035075089,611.2056913389495,605.692457719191,609.7380981445312,86258400
2025-06-30,612.1873024714439,614.0117925800773,609.8669572755672,612.6533203125,92502500
2025-07-01,611.1758893553448,613.625146088841,610.3429883405835,612.455078125,70030100
2025-07-02,612.0484833566157,615.2711481262035,611.4237773441516,615.2315063476562,66510400
2025-07-03,617.2147368961759,621.0125406459644,617.1948857443227,620.0804443359375,51065800
2025-07-07,618.1169852960921,618.7813935886118,612.6731706581298,615.4595336914062,74814500
2025-07-08,616.1238907210633,616.8775081543645,614.3093261623386,615.1224365234375,59024600
2025-07-09,617.5319680301938,619.4655183729625,615.6875662931247,618.8110961914062,66113300
2025-07-10,618.9499049744066,621.5974308254256,617.7699115690501,620.5562744140625,57529000
2025-07-11,617.5022136064131,619.6043777491163,616.3024294765994,618.3748168945312,63670200
2025-07-14,617.9186632768227,619.9018415613931,616.5701165685465,619.5548095703125,51898500
2025-07-15,622.2420420602726,622.5791484786782,616.8279435196437,616.9072875976562,74317300
2025-07-16,618.4937831556223,619.4754466932056,612.8516386863737,618.9697265625,88987500
2025-07-17,619.1482908768893,623.1146474859103,618.9301097920578,622.7576293945312,68885700
2025-07-18,624.007017899032,624.175571102461,621.1909387049365,622.301513671875,65621600
2025-07-21,623.4815063476562,626.2281670376054,623.0551302914085,623.4815063476562,63375000
2025-07-22,623.8087114591411,624.4334174667899,620.9232136557434,623.5707397460938,60046300
2025-07-23,626.238071576001,628.875732421875,624.4333721871909,628.875732421875,70511000
2025-07-24,629.2624631630094,630.7994747941685,628.6576082944551,629.083984375,71307100
2025-07-25,629.748350781943,632.2173979677802,629.5004535059064,631.7413940429688,56865400
2025-07-28,632.1182610848412,632.6735486135409,630.1945756243812,631.5828247070312,54917100
2025-07-29,632.9809077241022,633.2982235137306,629.0046860832861,629.9169311523438,60556300
2025-07-30,630.5713386132512,632.3165451544952,626.2281734095909,629.1236572265625,80418900
2025-07-31,634.0816044685715,634.4682782312485,625.4646925404661,626.763671875,103385200
2025-08-01,621.0322789916852,621.0719812920488,614.0812292944926,616.4907836914062,140103600
2025-08-04,620.4075271113948,625.9108344398344,620.3183179857707,625.8612670898438,73218000
2025-08-05,626.476110377079,627.2892207726588,621.7660617410078,622.688232421875,68051400
2025-08-06,623.7591559441935,628.1122469303318,622.8469108529321,627.4578247070312,64357500
2025-08-07,630.8886820702932,631.62244837055,623.8186464662513,626.9322509765625,74205800
2025-08-08,628.727047311219,632.2868791777582,628.4097315038053,631.82080078125,64051600
2025-08-11,632.0984361099556,633.5758942477272,629.3219380955197,630.5713500976562,58742300
2025-08-12,632.9214074238032,637.4430514601922,631.4340237207567,637.284423828125,64730800
2025-08-13,639.4857330110176,640.7549961752953,637.2745085703324,639.4659423828125,60092800
2025-08-14,637.3835851461316,640.1897994624859,636.9374184340268,639.5254516601562,59327500
2025-08-15,640.5566774831647,640.6558727131268,637.11589211782,638.0281372070312,68592500
2025-08-18,637.4530415771111,638.5834678311134,636.778768159409,637.8893432617188,43804900
2025-08-19,637.7108075589789,638.6924711313014,633.1098193903536,634.4286499023438,69750700
2025-08-20,634.0221086228163,634.2798709561484,627.6263466835007,632.742919921875,88890300
2025-08-21,630.9283690027011,632.604096553562,628.4791123479844,630.2044677734375,54805800
2025-08-22,632.3958993542917,641.0623787509013,631.8901792096084,639.8823852539062,84083200
2025-08-25,638.6230253017661,639.8625116828326,636.9472372936925,637.0662231445312,51274300
2025-08-26,636.7985773675441,640.0807351008626,636.1738713484165,639.733642578125,51581600
2025-08-27,639.148612992103,641.9250504526357,638.9998504138363,641.1912841796875,48341100
2025-08-28,641.7961735668325,644.0173236548059,639.9121904309055,643.4620361328125,61519500
2025-08-29,642.0242015644989,642.3911452321481,637.7306640961879,639.6245727539062,74522200
2025-09-02,632.13804448044,635.1028861742022,629.5797276837342,634.884765625,81983500
2025-09-03,637.2645539172183,638.7916398746721,635.0731807265284,638.3255615234375,70820900
2025-09-04,638.9999188744573,643.6901771181875,638.0975992987862,643.660400390625,65219200
2025-09-05,646.0004093954814,646.7243105506017,637.918995020256,641.7960815429688,85178900
2025-09-08,643.1646082412059,644.3743785857845,641.7862846718712,643.3728637695312,63133100
2025-09-09,643.5115612591451,645.3856792185645,641.7762803015634,644.8601684570312,66133900
2025-09-10,648.122479271532,649.0446498954948,645.1576374702139,646.724365234375,78034500
2025-09-11,648.6777603299006,652.7928793680376,648.0927566439484,652.0987548828125,69934400
2025-09-12,652.0689585463732,653.5662677492645,651.3748946038203,651.8805541992188,72780100
2025-09-15,654.0919191507668,655.4801077277403,653.7944544929727,655.3511962890625,63772400
2025-09-16,655.9064595692537,656.213910313041,653.6655188822047,654.4488525390625,61169000
2025-09-17,654.4587781451693,656.1543568928759,648.7967821934204,653.6357421875,101952200
2025-09-18,656.3229362038169,659.2977035594738,654.7165666735059,656.6898193359375,90459200
2025-09-19,658.5800832029405,660.7874850308027,656.6311583459587,659.9423217773438,97945600
2025-09-22,658.4507703315647,663.5119177999496,658.4209110544651,663.0645141601562,69452200
2025-09-23,662.9452156846509,663.5617612775759,658.2320617574377,659.4551391601562,81708900
2025-09-24,660.7477220570149,660.8471316064555,655.9350982101993,657.3569946289062,68082200
2025-09-25,654.2149171420698,655.6765652531099,650.7048739536411,654.3242797851562,89622100
2025-09-26,655.7760789419195,658.619871988132,654.1553026157394,658.072998046875,69179200
2025-09-29,660.5985670660314,661.5134019828115,658.112721358766,659.9224243164062,73499000
2025-09-30,659.1766647693167,662.8756347075731,657.8641309647478,662.4082641601562,86288000
2025-10-01,659.4153308150761,665.5802405756418,659.3059681646932,664.6654663085938,72545400
2025-10-02,666.6540464714482,666.7733621981591,663.004842335434,665.4309692382812,56896000
2025-10-03,666.1966948783695,668.8714672806448,664.377038831869,665.421142578125,70494400
2025-10-06,667.8174482099862,668.7024238148077,665.669704301124,667.8074951171875,54623300
2025-10-07,668.7322238208072,669.1796881705657,663.8898014056139,665.3316040039062,72020100
2025-10-08,666.4552183740389,669.398481470165,665.6299006256374,669.2990112304688,60702200
2025-10-09,669.7166839203261,670.1243359074817,665.4211353124821,667.3600463867188,66501900
2025-10-10,668.324542434099,670.1342452495495,649.14378031214,649.32275390625,159422600
2025-10-13,656.9095884512618,661.3642043859337,656.0345659370097,659.2860107421875,79560500
2025-10-14,653.4492417720955,662.0602448848334,649.4718888267987,658.4805908203125,88779600
2025-10-15,663.0446741742268,666.4353410824248,655.1993304017814,661.4039916992188,81702600
2025-10-16,663.0446615126489,664.9239754340409,653.3896149312258,656.899658203125,110563300
2025-10-17,655.7660892614911,661.9906565438909,654.4138037793879,660.62841796875,96500900
2025-10-20,663.5418206897375,668.4041493887289,663.4921159142255,667.499267578125,60493400
2025-10-21,667.6384328159621,669.1796448635298,666.1866772188026,667.4892578125,56249000
2025-10-22,668.1953369980629,668.1953369980629,659.5445816579371,664.0191040039062,80564000
2025-10-23,664.3372592841532,668.9012985038863,664.019063764971,667.9566650390625,65604500
2025-10-24,672.6300829996666,674.628651928334,671.8246714345047,673.4155883789062,74356500
2025-10-27,678.8645527756448,681.658640907831,678.2580209918731,681.3603515625,63339800
2025-10-28,683.1600908523567,685.0095454543999,680.9526890414517,683.1700439453125,61738100
2025-10-29,684.8205950917289,685.795087823854,679.0037407351697,683.4981689453125,85657100
2025-10-30,680.0279207971732,682.0563488815194,675.98095703125,675.98095703125,76335800
2025-10-31,681.1614729090464,681.2012852815519,675.3943230278239,678.1983642578125,87164100
2025-11-03,681.7878948104295,681.9171636388411,676.0903560257897,679.4711303710938,57315000
2025-11-04,672.2820616639051,676.1103005794487,670.7607556049009,671.4169921875,78427000
2025-11-05,671.1583975728993,677.0051112074705,670.3529860359731,673.7437133789062,74402400
2025-11-06,672.6399897028363,673.5448715272548,664.9338680034818,666.514892578125,85035300
2025-11-07,664.1284090392404,667.2805048704689,657.4663915648358,667.1710815429688,100592400
2025-11-10,673.4056760856186,678.317709828293,671.2082272333661,677.5819091796875,75842900
2025-11-11,676.1002762110339,679.6997756663966,674.8871520395073,679.1329956054688,58953400
2025-11-12,680.9128544582501,681.081935653801,677.0946296424269,679.5108642578125,62312500
2025-11-13,676.6471697129602,677.0051169124795,666.723693536663,668.2350463867188,103457800
2025-11-14,661.6128286383953,671.8345948923219,659.5147893727298,668.125732421875,96846700
2025-11-17,665.9083353081996,669.8956413839408,658.4209391867944,661.901123046875,90456100
2025-11-18,658.351356546523,661.3542775984923,652.1466953365565,656.3428344726562,114467500
2025-11-19,657.0389163187169,663.561773390439,655.020380360944,658.87841796875,94703000
2025-11-20,669.1001291109939,671.7351497651099,648.1991802397498,648.8355712890625,165293500
2025-11-21,651.3412595795126,660.7874729698119,647.1650267848305,655.2987670898438,123956200
2025-11-24,658.9380055466532,666.2662734630499,657.8442577670318,664.9437866210938,80437900
2025-11-25,664.8443455838128,672.3814460202411,660.7178178396566,671.1981811523438,81077100
2025-11-26,673.7934667684052,677.8404309302599,672.8885849296569,675.8318481445312,71879600
2025-11-28,677.0051081523229,679.7991961322198,676.6471609574353,679.5208129882812,49212000
2025-12-01,674.9667623359846,679.1230890446475,674.8971513739515,676.4185180664062,61201200
2025-12-02,678.0591325179204,679.9483994968172,675.4838303983408,677.67138671875,62953800
2025-12-03,676.7167950740063,681.0321891246488,675.8417725523884,680.0180053710938,57238500
2025-12-04,681.4199577792665,681.4895687361658,677.4824173401821,680.51513671875,61970300
2025-12-05,681.5890143183475,684.4925257185774,680.7040993957534,681.8078002929688,79241000
2025-12-08,682.7027235077143,682.7524282821314,677.7111260885928,679.7594604492188,55231500
2025-12-09,679.2821528162136,681.5094606319436,678.7253258622812,679.1727294921875,58310100
2025-12-10,678.6955405173951,685.0692222502689,677.4526176554032,683.6771850585938,85671300
2025-12-11,681.2609148661827,685.3476304583654,678.3076987410943,685.26806640625,86173700
2025-12-12,684.2737056052856,684.9797075791527,675.3246617594549,677.9000244140625,113160300
2025-12-15,681.8574988128718,681.8774049984522,675.4042533093998,676.8758544921875,90811000
2025-12-16,675.3843754405706,677.2239376857725,671.1584377196804,675.0264282226562,122030600
2025-12-17,676.0406154817738,676.5874893555698,667.3998140691156,667.5986938476562,110625200
2025-12-18,673.7635606688432,676.8857972779194,671.0788959983324,672.6399536132812,108650100
2025-12-19,674.747283458469,679.2350273728672,674.6275542880097,678.7363891601562,103599500
2025-12-22,682.0772531068674,683.4933686131409,678.7364013691785,682.96484375,69556700
2025-12-23,682.0572680421344,686.325640311278,682.0074163952171,686.0863037109375,64840000
2025-12-24,686.0763204450832,688.9484813838191,685.9267046355759,688.4996948242188,39445600
2025-12-26,688.758988861415,689.7761694005526,687.392725060237,688.4298706054688,41613300
2025-12-29,685.6674092439482,687.322922191004,684.2014421207446,685.9765625,62559500
2025-12-30,685.5777200962995,686.6846823672308,684.7100944386586,685.138916015625,47160700
2025-12-31,685.2685588951464,685.4879304984822,679.8533550408816,680.062744140625,74144800
2026-01-02,683.842447277036,684.999261161205,677.9684744567207,681.309326171875,89377200
2026-01-05,684.6701449336617,687.5522884526621,684.5106074856512,685.846923828125,71927200
2026-01-06,686.0563439630641,690.4344019511112,685.9067890249802,689.92578125,69273800
2026-01-07,690.3047811958188,692.0699799720542,687.4426026835383,687.701904296875,75588300
2026-01-08,686.9439569075789,688.7390423054183,685.6175622141362,687.632080078125,64019200
2026-01-09,688.7489932725086,693.4162394407576,687.3029303433501,692.1796264648438,80125500
2026-01-12,688.7988836287034,694.1941832506386,688.7490319805348,693.2666625976562,63976000
2026-01-13,693.595779418591,694.194181802135,689.467040360938,691.8804931640625,78309700
2026-01-14,689.1180078469732,689.8360176539858,684.1714948792828,688.479736328125,94676700
2026-01-15,692.678285342935,693.5558934557131,689.3673203481677,690.3546142578125,77862000
2026-01-16,691.7707369284135,692.359156800422,688.22043529661,689.7761840820312,79289200
2026-01-20,679.6338820353151,682.9049778344743,674.7272992054969,675.7345581054688,111623300
2026-01-21,677.7989248999835,686.8641332264262,676.2830453044572,683.5332641601562,127844500
2026-01-22,687.9711412752974,689.2476843606095,685.0491285530771,687.103515625,77112200
2026-01-23,686.2757685331861,689.0781127396581,685.2884137823622,687.352783203125,63059600
2026-01-26,688.609372319757,692.2394730275811,688.0409174669724,690.84326171875,60473800
2026-01-27,692.2893344912051,694.6329705879123,691.6810104865692,693.5957641601562,55506100
2026-01-28,695.1515053497095,695.9393926651097,692.0499903412962,693.5259399414062,61172200
2026-01-29,694.4933553961189,695.1615135683285,682.9648421722587,692.1497192382812,97486200
2026-01-30,689.9058246991844,692.3192774332931,685.2485609149509,690.0853271484375,101835100
2026-02-02,687.7019133171445,695.0318708971434,687.5423149981101,693.5159912109375,79286500
2026-02-03,694.3138377504575,695.0617950648859,682.1670182684101,687.6520385742188,107904600
2026-02-04,688.4697490630058,689.5667896413613,679.9031787408285,684.3211059570312,105204600
2026-02-05,679.0854402743204,681.8279505601881,673.9494421186707,675.7744750976562,113610800
2026-02-06,679.6039887472712,690.4244132010324,678.995603890688,688.739013671875,89127600
2026-02-09,687.5423060693106,693.9747512796714,686.4652913399738,692.0599975585938,73885200
2026-02-10,693.0572335194393,694.64286887948,689.7761552680904,690.2349243164062,65185700
2026-02-11,694.4933668556342,695.2413241987686,687.3029816841566,690.075439453125,76353900
2026-02-12,692.3491972008484,693.4561594586687,678.5169776231163,679.41455078125,118829000
2026-02-13,679.833354327075,684.410879804094,675.6747287653898,679.8931884765625,96267500
2026-02-17,678.287593220413,683.074507822494,673.9394826742099,680.9901733398438,81354700
2026-02-18,682.157061237011,687.2730943282486,680.9702998190471,684.4208374023438,73570300
2026-02-19,681.9775120282383,684.311104689823,679.6937101433548,682.61572265625,58649400
2026-02-20,680.4616860592505,688.1805961724377,679.8732661615737,687.5523071289062,100034000
2026-02-23,685.9566804858357,688.1207533479937,678.5169762252317,680.531494140625,90558100
2026-02-24,680.0427976196477,686.4751816677359,678.1479481229125,685.4779052734375,73798700
2026-02-25,688.3002642742074,691.7907319065998,688.2204651135966,691.26220703125,56369500
2026-02-26,691.391808867856,691.4117130049051,682.486077089091,687.422607421875,71671000
2026-02-27,681.2295779636313,684.9892686841309,679.7835149777827,684.1216430664062,83308900
2026-03-02,676.8515442239554,686.744509644098,676.1734035367807,684.5106201171875,87477200
2026-03-03,673.221445388408,680.7508704958498,667.8361281509542,678.4771118164062,105003100
2026-03-04,679.7735096903759,685.2186606854194,677.7689744100875,683.2639770507812,79182200
2026-03-05,680.2223290726917,683.6629449535216,673.7699188745959,679.4544067382812,106606500
2026-03-06,671.5758690877306,674.2685275228549,667.9358467743081,670.5487060546875,100687000
2026-03-09,664.5750801817165,678.0681991431876,660.5859743093405,676.4227294921875,102667700
2026-03-10,675.87413967305,681.4987932365287,672.9222404542279,675.3356323242188,81505300
2026-03-11,675.7345715953234,678.2277626375325,671.5061293267642,674.4879760742188,68441700
2026-03-12,669.3319958917509,669.8207124533001,664.0564256954588,664.2459106445312,108882200
2026-03-13,667.4472371497842,670.5088831921612,659.5587462493693,660.4862060546875,97200200
2026-03-16,666.5596317087426,670.239584206393,665.3030536555561,667.2078857421875,82023100
2026-03-17,670.5586914524959,672.60309589337,667.8760155087483,668.9630126953125,87128000
2026-03-18,666.5396583763402,667.8959397089973,659.3892034355257,659.6285400390625,82062600
2026-03-19,655.1806813207687,661.1743225351036,653.3855958813168,658.0029907226562,111272500
2026-03-20,656.510009765625,656.6900024414062,644.719970703125,648.5700073242188,163617500
2026-03-23,658.0700073242188,662.6199951171875,653.9400024414062,655.3800048828125,134802700
2026-03-24,651.3200073242188,657.030029296875,649.8800048828125,653.1799926757812,96457500
2026-03-25,658.6699829101562,660.8900146484375,654.239990234375,656.8200073242188,90653800
2026-03-26,652.0599975585938,654.8499755859375,644.8200073242188,645.0900268554688,96494400
2026-03-27,642.5,642.6599731445312,633.1099853515625,634.0900268554688,103649400
2026-03-30,640.1099853515625,640.3699951171875,629.280029296875,631.969970703125,99275900
2026-03-31,638.9400024414062,651.5399780273438,637.97998046875,650.3400268554688,152534100
2026-04-01,653.9000244140625,658.52001953125,653.0,655.239990234375,97841500
2026-04-02,646.4199829101562,658.2000122070312,645.1099853515625,655.8300170898438,68358700
2026-04-06,655.8599853515625,659.719970703125,655.52001953125,658.9299926757812,39105800
2026-04-07,656.6500244140625,659.6099853515625,651.0599975585938,659.219970703125,69980400
2026-04-08,676.3900146484375,677.0800170898438,671.4600219726562,676.010009765625,93606100
2026-04-09,674.8400268554688,681.1599731445312,673.77001953125,679.9099731445312,56969200
2026-04-09,674.8400268554688,681.1599731445312,673.77001953125,679.9099731445312,57134400
2026-04-10,681.3200073242188,682.030029296875,678.4500122070312,679.4600219726562,41916700
2026-04-10,681.3200073242188,682.030029296875,678.4500122070312,679.4600219726562,42253500
2026-04-13,677.4099731445312,686.2999877929688,676.5800170898438,686.0999755859375,54083800
2026-04-13,677.4099731445312,686.2999877929688,676.5800170898438,686.0999755859375,54185800
2026-04-14,687.6900024414062,694.5800170898438,687.6599731445312,694.4600219726562,63310200
